dti,fico,days.with.cr.line,revol.bal,revol.util,inq.last.6mths,delinq.2yrs,pub.rec,annual.inc,cluster
0.5672494956287828,0.2857142857142857,0.2062310291724736,0.0063976631044094,0.584037558685446,0.1851851851851851,0.0,0.0,0.015566044180594,0
0.5090786819098857,0.1428571428571428,0.1786863104799075,0.0942729601020334,0.7784037558685446,0.0,0.0,0.0,0.0229316801315025,0
0.1516476126429052,0.5238095238095238,0.0241132619425905,0.00172027195211,0.0657276995305164,0.0,0.0,0.0,0.0229316801315025,1
0.2098184263618023,0.1904761904761904,0.132354485260682,0.0220061096654083,0.7577464788732394,0.1111111111111111,0.0,0.0,0.0332435708499432,0
0.4122394082044385,0.4047619047619047,0.3883535689812477,0.1445131296092488,0.5389671361502347,0.1481481481481481,0.0,0.0,0.0769463442831804,0
0.0833893745796906,0.1666666666666666,0.4209380906642858,0.0067782314884338,0.3089201877934272,0.037037037037037,0.0,0.0,0.018806924127792,1
0.81271015467384,0.4047619047619047,0.4742569154839384,0.0790296534770579,0.7849765258215962,0.1481481481481481,0.0,0.2,0.0263689771527235,0
0.7441156691324815,0.1904761904761904,0.3316581716278834,0.0252537979696162,0.5333333333333333,0.1851851851851851,0.0,0.4,0.0128653109362452,0
0.1842636180228648,0.2142857142857142,0.0516030964360741,0.0056545261923618,0.5295774647887324,0.074074074074074,0.0,0.0,0.0337346131854845,0
0.1661062542030935,0.1904761904761904,0.2267959071329492,0.0150530224329633,0.4366197183098591,0.1851851851851851,0.0,0.4,0.0573046483742311,1
0.2397444519166106,0.4285714285714285,0.332684267842498,0.0324408833300762,0.7342723004694836,0.1851851851851851,0.0,0.0,0.0455196307752364,0
0.7505043712172159,0.1904761904761904,0.0636322853164186,0.0154104481449862,0.4892018779342723,0.037037037037037,0.0,0.0,0.010655620107374,0
0.5840618695359785,0.1904761904761904,0.0876835042087712,0.0213735432973679,0.8046948356807512,0.0,0.1666666666666666,0.0,0.0190033410689341,0
0.3614660390047075,0.2619047619047619,0.070502357650344,0.0161587278730341,0.355868544600939,0.2222222222222222,0.0,0.0,0.020967510728457,1
0.5215198386012105,0.3571428571428571,0.3694519214775322,0.0214275428653713,0.539906103286385,0.1851851851851851,0.0,0.2,0.0327525282724435,0
0.597848016139879,0.1666666666666666,0.1976428421827055,0.0215535418573794,0.6056338028169014,0.037037037037037,0.3333333333333333,0.0,0.0137928900384159,0
0.5067249495628783,0.2619047619047619,0.262988469593257,0.0214275428653713,0.4948356807511737,0.1851851851851851,0.0,0.2,0.0263689771527235,0
0.6455951580363147,0.1904761904761904,0.2835485749748416,0.0237366672495191,0.4131455399061033,0.037037037037037,0.6666666666666666,0.0,0.0072183233318765,0
0.0628782784129119,0.1904761904761904,0.0403231964683045,0.0029314051201876,0.4460093896713615,0.0,0.0,0.0,0.010655620107374,1
0.7178883658372563,0.3571428571428571,0.3360632266656553,0.5726577044526501,0.2863849765258216,0.0,0.0,0.0,0.0867671926938127,1
0.695359784801614,0.3095238095238095,0.2388752076334853,0.020594406673318,0.6967136150234742,0.1481481481481481,0.0,0.2,0.0347166978420778,0
0.7807666442501682,0.1666666666666666,0.1619036710517314,0.0501630272672104,0.6384976525821596,0.037037037037037,0.0,0.0,0.020967510728457,0
0.7552118359112308,0.1428571428571428,0.510282439057553,0.1813691204756076,0.7455399061032865,0.2222222222222222,0.0,0.0,0.0474838001660118,0
0.7363819771351715,0.3333333333333333,0.225132676676189,0.1342300690165907,0.7915492957746478,0.2592592592592592,0.0,0.0,0.0474838001660118,0
0.9643577673167452,0.3571428571428571,0.2594376993045154,0.0547452763235037,0.7323943661971831,0.037037037037037,0.0,0.0,0.0180212561449149,0
0.3739071956960322,0.3095238095238095,0.1375088292282102,0.0679751704843504,0.8328638497652583,0.1481481481481481,0.0,0.0,0.0474838001660118,0
0.6220578345662408,0.2857142857142857,0.0945559628321421,0.0189461341452125,0.7774647887323943,0.1481481481481481,0.0,0.0,0.0219495954355649,0
0.6711499663752523,0.2142857142857142,0.1735892370009074,0.0364831367063349,0.6694835680751173,0.1851851851851851,0.0,0.0,0.0362556835945165,0
0.15635507733692,0.1666666666666666,0.1065827654230412,0.0120444750727708,0.7586854460093897,0.037037037037037,0.1666666666666666,0.0,0.0162535034886763,0
0.1045729657027572,0.2619047619047619,0.1942066128710201,0.0202704092652973,0.5568075117370892,0.2222222222222222,0.1666666666666666,0.0,0.0376629521983356,0
0.4993275050437122,0.1428571428571428,0.2887005326529243,0.0544624214434855,0.731455399061033,0.037037037037037,0.0,0.0,0.0376629521983356,0
0.1896435776731674,0.0714285714285714,0.027549491254276,0.0032631167522088,0.9924882629107982,0.037037037037037,0.0,0.0,0.0032899841036719,0
0.5302622730329523,0.5,0.2972934922215834,0.0400033942585602,0.2300469483568075,0.1481481481481481,0.0,0.0,0.0126197897829511,1
0.7676529926025555,0.1666666666666666,0.1924861119257318,0.0387151188504777,0.9305164319248824,0.037037037037037,0.0,0.0,0.0204764682503225,0
0.4213180901143241,0.1428571428571428,0.1529694748413492,0.0246032317455746,0.911737089201878,0.037037037037037,0.0,0.6,0.0465017157162163,0
0.2242770679219906,0.5476190476190477,0.5137759388577665,0.0018385567201176,0.0150234741784037,0.2222222222222222,0.0,0.0,0.0789124786591582,1
0.547074646940148,0.3095238095238095,0.3557117768096815,0.0870653034775721,0.8328638497652583,0.1481481481481481,0.0,0.0,0.0386450372999087,0
0.5726294552790855,0.119047619047619,0.5275208561045083,0.0405768182425969,0.1896713615023474,0.1481481481481481,0.5,0.0,0.0288241889580457,1
0.7441156691324815,0.1904761904761904,0.4536395396138256,0.0578875368997048,0.5436619718309859,0.2222222222222222,0.0,0.0,0.0219495954355649,0
0.8335574983187626,0.2142857142857142,0.4262093618983157,0.1059162955267786,0.7061032863849765,0.1481481481481481,0.0,0.0,0.0474838001660118,0
0.7165433759246805,0.3809523809523809,0.3264990550814642,0.3919237217530831,0.752112676056338,0.0,0.0,0.0,0.0965880411896193,0
0.6536650975117687,0.5,0.3333715137048351,0.0650129084681608,0.9305164319248824,0.0,0.0,0.0,0.0107464040317955,0
0.1267652992602555,0.119047619047619,0.2663674284164144,0.0317080320500293,0.7323943661971831,0.1111111111111111,0.0,0.0,0.0299604613309975,0
0.6028917283120376,0.3571428571428571,0.3110360231788797,0.4670654063338922,0.663849765258216,0.2222222222222222,0.0,0.0,0.1186849489608233,0
0.2542030934767989,0.3809523809523809,0.5876572555202606,0.0275680651697643,0.3624413145539906,0.1481481481481481,0.0,0.0,0.0425733764064013,1
0.210827168796234,0.4047619047619047,0.2354389783217999,0.0589109572837703,0.5004694835680751,0.1481481481481481,0.1666666666666666,0.0,0.0465017157162163,1
0.7599193006052456,0.4523809523809524,0.298613099747175,0.1042783086306738,0.7699530516431925,0.037037037037037,0.0,0.0,0.0160570866373895,0
0.851714862138534,0.119047619047619,0.5275232423939538,0.0972995073182271,0.5107981220657277,0.074074074074074,0.0,0.0,0.0573046483742311,0
0.6133154001344989,0.3333333333333333,0.5842162532860612,0.2069726299332462,0.5183098591549296,0.037037037037037,0.0,0.0,0.0365394471479809,0
0.863483523873571,0.2857142857142857,0.309317908523037,0.0166138670890632,0.6065727699530515,0.074074074074074,0.1666666666666666,0.0,0.0293152316271775,0
0.2760591795561534,0.3809523809523809,0.120327682669783,0.0010208489760653,0.0291079812206572,0.2222222222222222,0.1666666666666666,0.0,0.0204764682503225,1
0.5487558843308675,0.1428571428571428,0.0498277112917033,0.0112216245127181,0.9530516431924884,0.1851851851851851,0.0,0.0,0.0057451961199624,0
0.3789509078681909,0.2857142857142857,0.3011878854414936,0.0406642461146025,0.7812206572769953,0.2222222222222222,0.0,0.0,0.0769463442831804,0
0.4186281102891728,0.4523809523809524,0.2698036577280999,0.1870262180759696,0.7652582159624414,0.074074074074074,0.0,0.0,0.0307883586615898,0
0.6176866173503699,0.4047619047619047,0.0979898058543821,0.0056956687203645,0.3924882629107981,0.1851851851851851,0.0,0.0,0.020967510728457,1
0.0131136516476126,0.2857142857142857,0.000233854498641,0.0010208489760653,0.3727699530516432,0.037037037037037,0.0,0.0,0.0133563533345002,1
0.4636852723604573,0.2857142857142857,0.1444385583401092,0.0654603334601894,0.663849765258216,0.1851851851851851,0.0,0.0,0.0283331465827304,0
0.6197041022192333,0.5238095238095238,0.1718711223450647,0.1052168725507338,0.3333333333333333,0.1481481481481481,0.0,0.0,0.0435554613621204,1
0.6772024209818427,0.2857142857142857,0.2818304603189989,0.0461310595229523,0.6056338028169014,0.2222222222222222,0.0,0.0,0.0202309470613832,0
0.1701412239408204,0.0952380952380952,0.0327038352218041,0.0075213684004813,0.9154929577464788,0.037037037037037,0.0,0.0,0.00338426424595,0
0.640551445864156,0.3571428571428571,0.2165444896864209,0.0886904333336761,0.4206572769953051,0.1481481481481481,0.0,0.0,0.0327525282724435,0
0.0501008742434431,0.1666666666666666,0.2061785312628365,0.0074185120804747,0.1483568075117371,0.4444444444444444,0.0,1.0,0.0413457702667133,1
0.5850706119704102,0.6666666666666666,0.4914404483318111,0.5925038313979203,0.3173708920187793,0.0,0.0,0.0,0.0618772354734293,1
0.5289172831203767,0.2142857142857142,0.0987939789832209,0.020015839873281,0.6140845070422536,0.8888888888888888,0.0,0.0,0.0180212561449149,0
0.5948217888365838,0.2619047619047619,0.5928092130265318,0.1480565298334756,0.7220657276995306,0.1851851851851851,0.0,0.0,0.0361898251001366,0
0.9004707464694016,0.1904761904761904,0.1031465361113558,0.0310137518899848,0.8384976525821596,0.2962962962962963,0.0,0.0,0.0200772508104592,0
0.3890383322125084,0.3333333333333333,0.1873365405370947,0.0813310636372051,0.952112676056338,0.074074074074074,0.0,0.0,0.0720359203536145,0
0.4623402824478816,0.2142857142857142,0.2148216024516872,0.0266423582897051,0.8535211267605635,0.1481481481481481,0.0,0.0,0.0229316801315025,0
0.3887020847343645,0.5,0.196726514366256,0.0645114839081287,0.7098591549295774,0.1851851851851851,0.0,0.0,0.0278421042383618,0
0.3422999327505043,0.5952380952380952,0.1271977550037084,0.0,0.1661971830985915,0.1111111111111111,0.0,0.0,0.0197399046800881,1
0.7871553463349026,0.2857142857142857,0.5120554379124783,0.2085129033253448,0.8150234741784037,0.0,0.1666666666666666,0.4,0.0376629521983356,0
0.2400806993947545,0.3571428571428571,0.2167711853510878,0.0,0.0,0.037037037037037,0.0,0.0,0.0037417431130855,1
0.4441829186281103,0.3809523809523809,0.4450513526240576,0.0772913816689466,0.692018779342723,0.1851851851851851,0.1666666666666666,0.2,0.0386450372999087,0
0.222595830531271,0.2857142857142857,0.0156396159126974,0.0,0.0,0.0,0.0,0.0,0.0140536335616984,1
0.3792871553463349,0.2857142857142857,0.0790905446401121,0.0198461269452701,0.6140845070422536,0.1481481481481481,0.0,0.0,0.0239137651088083,0
0.722932078009415,0.1666666666666666,0.3058816792113515,0.0458147763389321,0.5211267605633803,0.037037037037037,0.0,0.0,0.0229316801315025,0
0.4290517821116342,0.1428571428571428,0.1151733387022548,0.1267781286321138,0.9314553990610328,0.0,0.0,0.0,0.0887313626041509,0
0.2279757901815736,0.1904761904761904,0.3917921845823787,0.0,0.0,0.0,0.3333333333333333,0.0,0.0420700578959907,1
0.0406859448554135,0.2857142857142857,0.0309284500774333,0.0036616849922343,0.4056338028169014,0.037037037037037,0.0,0.0,0.0192488621117207,1
0.668123739071957,0.238095238095238,0.0223951472867478,0.015829587649013,0.4741784037558685,0.0,0.0,0.0,0.010655620107374,0
0.429388029589778,0.2619047619047619,0.2045129145166309,0.0361617107063143,0.644131455399061,0.2592592592592592,0.0,0.0,0.0356987827556336,0
0.6597175521183591,0.1904761904761904,0.104862264477753,0.0049962457443197,0.2403755868544601,0.1111111111111111,0.1666666666666666,0.0,0.0317704433622401,1
0.5706119704102219,0.4523809523809524,0.1727898364509596,0.0425645166267241,0.2103286384976525,0.3333333333333333,0.0,0.0,0.0253868921429877,1
0.1466039004707464,0.4047619047619047,0.6237376632929578,0.0174547175051171,0.2507042253521127,0.1851851851851851,0.1666666666666666,0.2,0.0253868921429877,1
0.4071956960322798,0.2857142857142857,0.2801123456631562,0.0136773191528753,0.9990610328638498,0.0,0.0,0.0,0.0307883586615898,0
0.2511768661735037,0.238095238095238,0.1959247275268628,0.4332719623957294,0.4328638497652582,0.074074074074074,0.1666666666666666,0.0,0.2439007624096569,1
0.3480161398789509,0.119047619047619,0.0808086592959549,0.02984376124991,0.731455399061033,0.037037037037037,0.0,0.0,0.0180212561449149,0
0.5622057834566241,0.238095238095238,0.5807824104356327,0.2078649085093033,0.5446009389671361,0.1481481481481481,0.0,0.0,0.0365394471479809,0
0.6136516476126429,0.4047619047619047,0.2010814577838364,0.1905284757721938,0.623474178403756,0.037037037037037,0.0,0.0,0.0337346131854845,0
0.4791526563550773,0.238095238095238,0.1581262050983229,0.02093897534534,0.5661971830985916,0.2962962962962963,0.0,0.0,0.0302973163266893,0
0.8029589778076665,0.2619047619047619,0.6168628182083299,0.1450736965532847,0.7436619718309859,0.1481481481481481,0.0,0.0,0.0445552236704824,0
0.2605917955615333,0.1428571428571428,0.0756567016178722,0.0417750943706736,0.7821596244131455,0.037037037037037,0.0,0.0,0.0229316801315025,0
0.9986550100874244,0.5238095238095238,0.3127565241241679,0.0253592256976229,0.1539906103286384,0.0,0.1666666666666666,0.0,0.0101645777591302,1
0.7104909213180901,0.5476190476190477,0.3265587118594378,0.0905829896217973,0.5098591549295775,0.1851851851851851,0.0,0.0,0.0386450372999087,0
0.4300605245460659,0.3809523809523809,0.2972958785110289,0.0683943099883772,0.911737089201878,0.2222222222222222,0.0,0.0,0.0396271220452742,0
0.6025554808338939,0.238095238095238,0.3883535689812477,0.3847366363926231,0.603755868544601,0.2962962962962963,0.0,0.0,0.0916776166099826,0
0.097511768661735,0.5,0.1186095680139402,0.0265832159057013,0.2187793427230047,0.1851851851851851,0.0,0.0,0.0489569277613094,1
0.5437121721587089,0.4523809523809524,0.1443264036524985,0.0401062505785668,0.5633802816901409,0.037037037037037,0.0,0.0,0.0180212561449149,0
0.4852051109616678,0.4047619047619047,0.262931199104729,0.0230861010254775,0.8262910798122066,0.074074074074074,0.0,0.0,0.0204764682503225,0
0.2979152656355077,0.5952380952380952,0.2834913044863135,0.0339605854581734,0.7295774647887324,0.0,0.0,0.0,0.0302973163266893,0
0.121049092131809,0.4761904761904761,0.2268484050425863,0.0081127922405192,0.6300469483568074,0.0,0.0,0.0,0.0101645777591302,0
0.4468728984532616,0.4523809523809524,0.2869848042865271,0.0780730897009966,0.4356807511737089,0.037037037037037,0.0,0.0,0.0185122986959764,1
0.4058507061197041,0.238095238095238,0.190715499360252,0.0237315244335188,0.8751173708920188,0.037037037037037,0.0,0.0,0.0376629521983356,0
0.2084734364492266,0.4523809523809524,0.1412910677605097,0.0160764428170288,0.6056338028169014,0.1111111111111111,0.0,0.0,0.0253868921429877,0
0.3927370544720914,0.5,0.3831992250137195,0.0118824763687604,0.4300469483568075,0.0,0.0,0.0,0.0131108321621784,1
0.6819098856758575,0.4761904761904761,0.1701530076892219,0.0154901617929913,0.4253521126760563,0.0,0.0,0.0,0.0131108321621784,1
0.4186281102891728,0.4761904761904761,0.3402439723282059,0.0093162111845962,0.8507042253521127,0.0,0.1666666666666666,0.0,0.0101645777591302,0
0.2770679219905851,0.5238095238095238,0.3075997938671942,0.0368302767863571,0.4723004694835681,0.037037037037037,0.0,0.0,0.0597598607232767,1
0.1321452589105581,0.6428571428571429,0.2320027490101144,0.0253875111856248,0.0863849765258215,0.037037037037037,0.0,0.0,0.0468218750109686,1
0.500336247478144,0.3095238095238095,0.1838979249359637,0.0259815064336628,0.7586854460093897,0.037037037037037,0.0,0.0,0.0302973163266893,0
0.5410221923335575,0.2142857142857142,0.2684267797139801,0.0631743517480431,0.6985915492957747,0.0,0.0,0.0,0.0224406379063299,0
0.8043039677202422,0.4285714285714285,0.2588649944192345,0.0340351562901782,0.5755868544600938,0.0,0.0,0.0,0.0352077402321778,0
0.2347007397444519,0.4523809523809524,0.2783942310073135,0.0235129547535048,0.2394366197183098,0.0,0.0,0.0,0.0199873900352189,1
0.0151311365164761,0.4761904761904761,0.0997126930891158,0.0012599899200806,0.0187793427230046,0.074074074074074,0.0,0.0,0.0327525282724435,1
0.4401479488903833,0.4047619047619047,0.2440892083789871,0.0033634016642152,0.0647887323943662,0.037037037037037,0.0,0.0,0.0244048073840468,1
0.5279085406859448,0.5952380952380952,0.3024478361891116,0.0891738580377071,0.5408450704225353,0.0,0.0,0.0,0.0278421042383618,1
0.5178211163416275,0.5238095238095238,0.1667167783775365,0.0240349505775382,0.3849765258215962,0.074074074074074,0.0,0.0,0.0450305523312935,1
0.8019502353732348,0.5714285714285714,0.2079539164072073,0.0714877138125752,0.463849765258216,0.0,0.0,0.0,0.0337346131854845,0
0.4731002017484869,0.2619047619047619,0.1564080904424802,0.0408468160826141,0.4403755868544601,0.037037037037037,0.1666666666666666,0.0,0.0337346131854845,0
0.6936785474108944,0.3571428571428571,0.2423138232346163,0.0268840706417205,0.5117370892018779,0.037037037037037,0.0,0.0,0.0165481289659611,0
0.3634835238735709,0.238095238095238,0.151253746474952,0.0164904395050553,0.7624413145539907,0.037037037037037,0.0,0.0,0.0254662447630239,0
0.2989240080699395,0.7380952380952381,0.5103373232566356,0.0360357117143062,0.1323943661971831,0.074074074074074,0.0,0.0,0.0181312496766356,1
0.6166778749159382,0.4047619047619047,0.67184010073404,0.129359822264279,0.704225352112676,0.0,0.0,0.0,0.0573046483742311,0
0.355413584398117,0.3095238095238095,0.2062334154619191,0.0174084321611141,0.1990610328638497,0.1111111111111111,0.0,0.0,0.0190033410689341,1
0.1203765971755212,0.2142857142857142,0.2835485749748416,0.0,0.6985915492957747,0.037037037037037,0.0,0.0,0.0690896662618776,0
0.4899125756556826,0.3333333333333333,0.3763291526797942,0.0103550600166627,0.1633802816901408,0.037037037037037,0.3333333333333333,0.0,0.0749821752894557,1
0.1234028244788164,0.7380952380952381,0.2423138232346163,0.0167012949610688,0.0,0.037037037037037,0.0,0.0,0.0378593694941223,1
0.5749831876260929,0.3333333333333333,0.0619117843711304,0.0157138742890056,0.603755868544601,0.0,0.0,0.0,0.015916452089774,0
0.2289845326160053,0.6190476190476191,0.2027947998607882,0.055172130051531,0.260093896713615,0.037037037037037,0.0,0.0,0.0258779346679929,1
0.3527236045729657,0.3809523809523809,0.1666618941784539,0.0291391954578649,0.3727699530516432,0.0,0.0,0.0,0.0396271220452742,1
0.3581035642232683,0.4761904761904761,0.2168284558396159,0.0238986659535295,0.1812206572769953,0.074074074074074,0.0,0.0,0.0202996930220802,1
0.3991257565568258,0.5952380952380952,0.3935079129487759,0.1364543369367331,0.5061032863849765,0.074074074074074,0.0,0.0,0.054554811135518,1
0.3443174176193679,0.5952380952380952,0.2870420747750551,0.0980709297182765,0.3924882629107981,0.074074074074074,0.0,0.0,0.0769463442831804,1
0.8197713517148622,0.4523809523809524,0.2113853731400018,0.0266860722257079,0.4619718309859155,0.037037037037037,0.0,0.0,0.0249429897927072,0
0.4996637525218561,0.3571428571428571,0.448487581935743,0.07109428838855,0.8967136150234741,0.0,0.0,0.0,0.0597598607232767,0
0.5662407531943511,0.4285714285714285,0.2045129145166309,0.0822413420692634,0.5474178403755868,0.0,0.0,0.0,0.0302973163266893,0
0.3449899125756557,0.6190476190476191,0.4227158620981022,0.0474861915390391,0.2901408450704225,0.1111111111111111,0.0,0.0,0.0180212561449149,1
0.6778749159381305,0.5238095238095238,0.1843537025547429,0.0646631969801384,0.5661971830985916,0.037037037037037,0.0,0.0,0.0302992806058496,0
0.6129791526563552,0.3809523809523809,0.2732398870397853,0.2947579276508645,0.6056338028169014,0.074074074074074,0.0,0.0,0.0573046483742311,0
0.4663752521856086,0.6428571428571429,0.2131655308632636,0.0467559116669923,0.311737089201878,0.037037037037037,0.0,0.0,0.0194943833172177,1
0.5460659045057162,0.8333333333333334,0.2199783327086609,0.0484196126430988,0.488262910798122,0.0,0.0,0.0,0.0204764682503225,1
0.367182246133154,0.4047619047619047,0.2972934922215834,0.0661288995402322,0.3183098591549295,0.1111111111111111,0.0,0.0,0.0523942241862325,1
0.5221923335574983,0.3809523809523809,0.2045176870955219,0.067391460868313,0.7370892018779343,0.0,0.0,0.0,0.0312774370893217,0
0.6825823806321453,0.2619047619047619,0.2010790714943909,0.0240272363535377,0.7436619718309859,0.037037037037037,0.0,0.0,0.0229316801315025,0
0.3638197713517149,0.3333333333333333,0.1100189947347266,0.0075265112164816,0.4995305164319249,0.074074074074074,0.0,0.0,0.0244048073840468,0
0.4246805648957633,0.5238095238095238,0.3058864517902426,0.0717937113645948,0.3098591549295774,0.0,0.0,0.0,0.0435554613621204,1
0.0,0.5714285714285714,0.1137988469775806,0.0,0.0,0.037037037037037,0.0,0.0,0.0399217475806445,1
0.4408204438466711,0.6666666666666666,0.3385282439618087,0.0476739043230511,0.2779342723004695,0.0,0.0,0.0,0.0381539946000034,1
0.4694014794889038,0.2619047619047619,0.1211318557986217,0.0163670119210474,0.2366197183098591,0.037037037037037,0.1666666666666666,0.0,0.0317704433622401,1
0.6301277740416946,0.2619047619047619,0.3230652120592243,0.0434259383067792,0.4863849765258216,0.037037037037037,0.1666666666666666,0.0,0.0386450372999087,0
0.5759919300605245,0.4285714285714285,0.166719164666982,0.0253206545776205,0.4169014084507042,0.037037037037037,0.1666666666666666,0.0,0.0091805287788313,1
0.625084061869536,0.5,0.3007297215332689,0.0120650463367721,0.3314553990610328,0.0,0.0,0.0,0.0224406379063299,1
0.7044384667114997,0.4047619047619047,0.3694543077669778,0.0810456373491869,0.8751173708920188,0.0,0.0,0.0,0.0412770243890375,0
0.4865501008742435,0.3333333333333333,0.1237615256920229,0.0198564125772708,0.4591549295774648,0.0,0.0,0.0,0.015566044180594,0
0.8271687962340283,0.2142857142857142,0.3078312621107521,0.0300417596659226,0.5652582159624413,0.037037037037037,0.0,0.0,0.0121287473764441,0
0.2427706792199058,0.4523809523809524,0.3058267950122689,0.1043940219906812,0.7258215962441315,0.037037037037037,0.0,0.0,0.0263689771527235,0
0.3675184936112979,0.5952380952380952,0.1392269438840529,0.0005708525760365,0.0262910798122065,0.0,0.1666666666666666,0.0,0.0376629521983356,1
0.1778749159381304,0.3333333333333333,0.2045176870955219,0.0279512049617888,0.755868544600939,0.0,0.1666666666666666,0.0,0.0317704433622401,0
0.3295225285810357,0.3809523809523809,0.0621432526146883,0.00437653641628,0.228169014084507,0.0,0.0,0.0,0.0131108321621784,1
0.6079354404841963,0.2857142857142857,0.1804616956242783,0.1619369902183639,0.808450704225352,0.074074074074074,0.3333333333333333,0.0,0.0573046483742311,0
0.535642232683255,0.9047619047619048,0.3488369318968651,0.0,0.0,0.074074074074074,0.0,0.0,0.048220364141577,1
0.250168123739072,0.3571428571428571,0.1083008800788839,0.0190489904652191,0.2995305164319248,0.074074074074074,0.0,0.0,0.0229316801315025,1
0.5490921318090114,0.5476190476190477,0.3458588664934044,0.072937987924668,0.419718309859155,0.037037037037037,0.0,0.0,0.0490006303040111,1
0.3298587760591795,0.5238095238095238,0.1753049653673046,0.0479670448350698,0.507981220657277,0.1111111111111111,0.0,0.0,0.0376629521983356,1
0.6684599865501009,0.6666666666666666,0.1203300689592285,0.0045796776482931,0.3342723004694836,0.0,0.0,0.0,0.0131108321621784,1
0.2683254875588433,0.4523809523809524,0.352275547497996,0.0894952840377277,0.7474178403755868,0.0,0.0,0.0,0.0965880411896193,0
0.3564223268325487,0.6428571428571429,0.3885850372248056,0.0479310451230675,0.4215962441314554,0.0,0.0,0.0,0.0474838001660118,1
0.8069939475453934,0.4285714285714285,0.1443836741410266,0.031422605762011,0.7971830985915493,0.0,0.0,0.0,0.0077093657328204,0
0.4562878278412912,0.238095238095238,0.1340702136270793,0.0079945074725116,0.4,0.074074074074074,0.0,0.0,0.0268600194804572,1
0.3940820443846671,0.3333333333333333,0.3299352843931496,0.1121648169671785,0.8723004694835681,0.0,0.0,0.0,0.0235675801390513,0
0.3937457969065232,0.3809523809523809,0.4433332379682148,0.0460282032029458,0.6093896713615023,0.037037037037037,0.0,0.0,0.0391360796834611,0
0.1761936785474109,0.5476190476190477,0.2199783327086609,0.0701840099564917,0.4206572769953051,0.0,0.0,0.0,0.0474838001660118,1
0.4811701412239408,0.5714285714285714,0.4003803715721468,0.098078643942277,0.4291079812206573,0.0,0.0,0.0,0.0376629521983356,1
0.2784129119031607,0.3333333333333333,0.290418647308767,0.0100284912006418,0.4103286384976526,0.0,0.1666666666666666,0.0,0.0180212561449149,1
0.6308002689979826,0.3095238095238095,0.151253746474952,0.0583118192197319,0.8103286384976526,0.037037037037037,0.1666666666666666,0.0,0.0248958499714999,0
0.4068594485541358,0.3333333333333333,0.2199210622201328,0.0203501229133024,0.2892018779342723,0.1111111111111111,0.3333333333333333,0.0,0.0180089801907472,1
0.5682582380632145,0.3333333333333333,0.4261520914097876,0.1710500601709472,0.8553990610328638,0.0,0.0,0.0,0.0489569277613094,0
0.6425689307330196,0.5238095238095238,0.3454007025851797,0.0908555588698147,0.6281690140845071,0.1111111111111111,0.0,0.0,0.0317704433622401,0
0.3456624075319435,0.3809523809523809,0.2869848042865271,0.0297589047859045,0.5812206572769953,0.037037037037037,0.0,0.0,0.0426715850316167,0
0.3093476798924008,0.8571428571428571,0.3488369318968651,0.0005374242720343,0.0178403755868544,0.0,0.0,0.0,0.0278421042383618,1
0.8143913920645596,0.5476190476190477,0.2723211729338903,0.0549098464355142,0.2863849765258216,0.037037037037037,0.0,0.0,0.0278421042383618,1
0.5551445864156019,0.3571428571428571,0.3213470974033816,0.0279049196177859,0.571830985915493,0.0,0.8333333333333334,0.0,0.0421314380616151,0
0.3950907868190988,0.2857142857142857,0.1529718611307947,0.0764608168848934,0.631924882629108,0.037037037037037,0.0,0.0,0.0556842086458175,0
0.508069939475454,0.4761904761904761,0.1474715079426525,0.0329423078901083,0.3896713615023474,0.037037037037037,0.0,0.0,0.0140929169504821,1
0.8305312710154674,0.3809523809523809,0.4124095604524914,0.0236595250095142,0.7643192488262911,0.074074074074074,0.0,0.0,0.0248133546009513,0
0.8090114324142569,0.4047619047619047,0.383196838724274,0.2803529000339426,0.8469483568075118,0.1111111111111111,0.0,0.0,0.1088641007046916,0
0.4593140551445864,0.6428571428571429,0.3041659508449543,0.0654269051561873,0.3981220657276995,0.037037037037037,0.0,0.0,0.0229316801315025,1
0.3987895090786819,0.5238095238095238,0.0867695626817673,0.0156547319050019,0.0779342723004695,0.0,0.0,0.0,0.0239137651088083,1
0.460995292535306,0.5238095238095238,0.1444982151180828,0.0145978832169342,0.3061032863849765,0.037037037037037,0.0,0.0,0.0248958499714999,1
0.7441156691324815,0.5476190476190477,0.2027971861502337,0.0315074622260164,0.1774647887323943,0.074074074074074,0.1666666666666666,0.0,0.0204764682503225,1
0.4818426361802286,0.6904761904761905,0.3402463586176515,0.0678903140203449,0.819718309859155,0.0,0.0,0.0,0.0543583942046044,0
0.0,0.7857142857142857,0.2216964473645036,0.0,0.0,0.1481481481481481,0.0,0.0,0.0360916166836502,1
0.7955615332885004,0.5,0.1942066128710201,0.0372339878423829,0.5323943661971832,0.0,0.0,0.0,0.015566044180594,0
0.4606590450571621,0.3809523809523809,0.1357907145723675,0.0286171996338315,0.8356807511737089,0.0,0.0,0.0,0.0327525282724435,0
0.5793544048419638,0.6904761904761905,0.1357907145723675,0.0059039527683778,0.0873239436619718,0.074074074074074,0.0,0.0,0.0098699522937281,1
0.4394754539340955,0.4523809523809524,0.2759912567785792,0.06828116803637,0.4488262910798122,0.074074074074074,0.0,0.0,0.017039171423014,1
0.6805648957632817,0.7619047619047619,0.3970610695269631,0.0088945002725692,0.1624413145539906,0.1851851851851851,0.0,0.0,0.0123271285055697,1
0.5147948890383323,0.4523809523809524,0.1615648206994538,0.0504098824352262,0.4065727699530516,0.1111111111111111,0.0,0.0,0.0185142627404241,1
0.5595158036314728,0.3571428571428571,0.2137955062370726,0.0370231323863694,0.9014084507042254,0.0,0.0,0.0,0.0219495954355649,0
0.5645595158036315,0.3095238095238095,0.6306077354550716,0.1393548851609187,0.8046948356807512,0.0,0.0,0.2,0.0638001577039607,0
0.4825151311365165,0.238095238095238,0.1804616956242783,0.0479799018750707,0.8544600938967136,0.0,0.0,0.0,0.0473217565167158,0
0.7404169468728985,0.6428571428571429,0.1505116164135323,0.0578206802917005,0.2497652582159624,0.0,0.0,0.0,0.0194943833172177,1
0.4253530598520511,0.5952380952380952,0.1014308077449585,0.013469035104862,0.6892018779342723,0.0,0.0,0.0,0.0329980495511316,0
0.3278412911903161,0.3809523809523809,0.4433308516787693,0.0873790152535922,0.7239436619718309,0.0,0.0,0.2,0.045028588365861,0
0.8328850033624748,0.3095238095238095,0.1753049653673046,0.0002211410880141,0.0103286384976525,0.0,0.0,0.0,0.0121287473764441,1
0.3967720242098185,0.4523809523809524,0.3282195560267524,0.1633949785544572,0.8469483568075118,0.0,0.0,0.0,0.0362283571222383,0
0.543375924680565,0.4285714285714285,0.2457524388357473,0.14000030856896,0.8244131455399061,0.074074074074074,0.0,0.0,0.0614785086978093,0
0.5400134498991257,0.3571428571428571,0.1581262050983229,0.050422739475227,0.692018779342723,0.074074074074074,0.0,0.0,0.0229316801315025,0
0.4055144586415602,0.3809523809523809,0.1907679972698891,0.0274574946257572,0.911737089201878,0.0,0.0,0.0,0.0293152316271775,0
0.5971755211835912,0.5238095238095238,0.4553600405591139,0.1867433631959515,0.4769953051643192,0.037037037037037,0.0,0.0,0.0798925992517818,1
0.7716879623402825,0.3809523809523809,0.1392245575946074,0.0412633841786408,0.7389671361502348,0.0,0.0,0.0,0.0269582278414122,0
0.5110961667787491,0.9285714285714286,0.5807847968968897,0.01015706160065,0.0460093896713615,0.0,0.0,0.0,0.0430644189805465,1
0.097511768661735,0.5952380952380952,0.19764045589326,0.0099770630406385,0.2347417840375587,0.1481481481481481,0.0,0.0,0.0278421042383618,1
0.4808338937457969,0.2619047619047619,0.359148006121367,0.0378665542104234,0.8694835680751173,0.0,0.0,0.2,0.0165481289659611,0
0.3486886348352387,0.3809523809523809,0.5534071169192053,0.021345257809366,0.7492957746478873,0.0,0.0,0.0,0.0160570866373895,0
0.3470073974445192,0.7857142857142857,0.3075997938671942,0.0193807020972403,0.168075117370892,0.0,0.0,0.0,0.0327525282724435,1
0.2037659717552118,0.5952380952380952,0.1700981234901393,0.0110210546887053,0.3793427230046948,0.0,0.0,0.0,0.0352077402321778,1
0.4818426361802286,0.4285714285714285,0.3041659508449543,0.1883324933400532,0.9248826291079812,0.0,0.0,0.0,0.0389593041330075,0
0.5255548083389375,0.5,0.4433332379682148,0.0024865515361591,0.060093896713615,0.037037037037037,0.0,0.0,0.0171216665752416,1
0.7794216543375925,0.5476190476190477,0.1976428421827055,0.0297177622579019,0.4338028169014085,0.037037037037037,0.0,0.0,0.0229316801315025,1
0.691324815063887,0.3333333333333333,0.070502357650344,0.010360202832663,0.2253521126760563,0.037037037037037,0.0,0.0,0.0150750017252174,1
0.2898453261600537,0.5,0.1495332455296638,0.0581009637637184,0.5812206572769953,0.037037037037037,0.0,0.0,0.0320689971142338,0
0.3238063214525891,0.5952380952380952,0.2734140847948151,0.0090024994085761,0.2206572769953051,0.037037037037037,0.0,0.0,0.0219495954355649,1
0.0406859448554135,0.2619047619047619,0.2182602180528182,0.0699037264844738,0.1511737089201878,0.1111111111111111,0.0,0.2,0.0376629521983356,1
0.2007397444519166,0.5,0.1511988622758694,0.0082593624965285,0.3352112676056338,0.037037037037037,0.1666666666666666,0.0,0.0180212561449149,1
0.5648957632817755,0.7380952380952381,0.1770254663125928,0.0105119159046727,0.1408450704225352,0.074074074074074,0.0,0.0,0.017039171423014,1
0.3234700739744451,0.5,0.3454007025851797,0.0327828805940981,0.9004694835680752,0.0,0.0,0.0,0.0241592862849132,0
0.1126429051782111,0.6428571428571429,0.4278702060656303,0.0147907388169466,0.2845070422535211,0.0,0.0,0.0,0.0597598607232767,1
0.2955615332885003,0.7619047619047619,0.3402463586176515,0.0031525462082017,0.0638497652582159,0.1111111111111111,0.0,0.0,0.0391360796834611,1
0.6032279757901816,0.2142857142857142,0.2371594792670881,0.0391008300505024,0.3568075117370892,0.074074074074074,0.1666666666666666,0.0,0.053376309235693,0
0.5924680564895763,0.5952380952380952,0.2354413646112454,0.0341045843061826,0.3333333333333333,0.0,0.0,0.0,0.0366808677009234,1
0.2299932750504371,0.4047619047619047,0.262931199104729,0.0465810559229811,0.9248826291079812,0.0,0.0,0.0,0.0769443801381269,0
0.695696032279758,0.5238095238095238,0.4109754119498435,0.0003239974080207,0.0206572769953051,0.074074074074074,0.0,0.0,0.0288241889580457,1
0.6170141223940822,0.4285714285714285,0.4003803715721468,0.0313634633780072,0.8948356807511737,0.037037037037037,0.0,0.0,0.0204764682503225,0
0.5248823133826497,0.3809523809523809,0.1065851517124867,0.0317620316180327,0.3258215962441315,0.037037037037037,0.0,0.2,0.0499390124714584,1
0.6492938802958977,0.5,0.1754195063443608,0.017094720385094,0.4422535211267606,0.0,0.0,0.0,0.0228923967729118,1
0.7343644922663081,0.3809523809523809,0.1976428421827055,0.0129393250568281,0.4460093896713615,0.0,0.0,0.0,0.0032899841036719,0
0.4865501008742435,0.3095238095238095,0.2354389783217999,0.017719572529134,0.5615023474178403,0.0,0.0,0.0,0.0275293103897388,0
0.5030262273032953,0.4523809523809524,0.2680879293617026,0.0796750768850992,0.7455399061032865,0.1111111111111111,0.0,0.0,0.0361898251001366,0
0.6281102891728312,0.6428571428571429,0.7233859268705787,0.0574169692356746,0.3774647887323944,0.037037037037037,0.0,0.0,0.0460106733196214,1
0.2679892400806994,0.3095238095238095,0.2972934922215834,0.0639663454120938,0.8112676056338028,0.037037037037037,0.3333333333333333,0.0,0.0277949642079017,0
0.3459986550100874,0.6428571428571429,0.2423138232346163,0.0741594067247462,0.3220657276995305,0.0,0.0,0.0,0.0523942241862325,1
0.4761264290517821,0.7142857142857143,0.1976428421827055,0.0114761939047344,0.2704225352112676,0.0,0.0,0.0,0.0185209213806413,1
0.1899798251513114,0.2142857142857142,0.2406529790673016,0.031062608641988,0.6957746478873239,0.037037037037037,0.3333333333333333,0.2,0.0455196307752364,0
0.6812373907195697,0.5476190476190477,0.3076021801566397,0.1058648673667753,0.5765258215962441,0.0,0.0,0.0,0.0341563990223782,0
0.7841291190316073,0.3095238095238095,0.182179810280121,0.0542747086594735,0.5164319248826291,0.037037037037037,0.1666666666666666,0.0,0.0219495954355649,0
0.7962340282447882,0.3333333333333333,0.120327682669783,0.0430890838587577,0.7990610328638497,0.0,0.0,0.0,0.0111466625963018,0
0.5729657027572294,0.6428571428571429,0.4192772464969712,0.177157154171338,0.3934272300469483,0.074074074074074,0.0,0.0,0.0258779346679929,1
0.5521183591123068,0.4285714285714285,0.4398946223670839,0.0291031957458626,0.3314553990610328,0.0,0.0,0.0,0.0484658851033665,1
0.5568258238063214,0.7857142857142857,0.2749603879850735,0.0455370642749143,0.292018779342723,0.0,0.0,0.0,0.0253868921429877,1
0.3641560188298588,0.5952380952380952,0.352270774919105,0.0749025436367937,0.4535211267605633,0.2222222222222222,0.0,0.0,0.0175302138959338,1
0.543375924680565,0.8809523809523809,0.2216964473645036,0.0020854118881334,0.072300469483568,0.0,0.0,0.0,0.0057451961199624,1
0.3073301950235373,0.6190476190476191,0.2165421033969754,0.0663783261162482,0.2732394366197183,0.0,0.0,0.0,0.0985522100811441,1
0.6691324815063887,0.3809523809523809,0.4141276751083341,0.1875867850200055,0.9173708920187794,0.0,0.0,0.0,0.0744911329093386,0
0.0837256220578345,0.7142857142857143,0.2113877594294473,0.0080202215525132,0.0140845070422535,0.074074074074074,0.0,0.0,0.0965880411896193,1
0.4384667114996637,0.3809523809523809,0.2818304603189989,0.0584686751077419,0.2892018779342723,0.0,0.1666666666666666,0.0,0.0425733764064013,1
0.4905850706119704,0.2857142857142857,0.3075997938671942,0.0142173148329099,0.7746478873239436,0.074074074074074,0.0,0.2,0.0420911729344912,0
0.6822461331540014,0.4285714285714285,0.3402439723282059,0.1469611100254055,0.7389671361502348,0.0,0.0,0.0,0.0474838001660118,0
0.691661062542031,0.5238095238095238,0.2680879293617026,0.0222529648334241,0.6178403755868545,0.037037037037037,0.0,0.0,0.0258779346679929,0
0.0904505716207128,0.4523809523809524,0.2594376993045154,0.0049988171523199,0.4450704225352112,0.0,0.0,0.2,0.0455196307752364,1
0.7252858103564224,0.4285714285714285,0.1959223412374173,0.0352900033942585,0.8206572769953052,0.0,0.0,0.0,0.0419841255363921,0
0.6650975117686618,0.3095238095238095,0.132354485260682,0.0121524742087777,0.6929577464788732,0.037037037037037,0.0,0.0,0.015566044180594,0
0.5400134498991257,0.4761904761904761,0.278391844717868,0.1115296791911379,0.6281690140845071,0.0,0.0,0.0,0.0352077402321778,0
0.2283120376597175,0.3333333333333333,0.1117371093905694,0.0290929101138619,0.8169014084507042,0.074074074074074,0.0,0.0,0.0302973163266893,0
0.7387357094821789,0.4285714285714285,0.1839003112254092,0.0212115445933575,0.8065727699530517,0.074074074074074,0.0,0.0,0.0190033410689341,0
0.824815063887021,0.5238095238095238,0.1289206422384421,0.0523821523713524,0.6140845070422536,0.0,0.0,0.0,0.0229316801315025,0
0.3133826496301278,0.4523809523809524,0.2458645935233579,0.0089716425125741,0.3990610328638497,0.037037037037037,0.0,0.0,0.021460517119463,1
0.4394754539340955,0.5238095238095238,0.5928068265652747,0.0873995865175935,0.7784037558685446,0.0,0.0,0.0,0.0553404788595217,0
0.3567585743106927,0.5,0.2469551190948372,0.0744679756847659,0.2084507042253521,0.037037037037037,0.0,0.0,0.0440465034887141,1
0.6469401479488903,0.2857142857142857,0.3024478361891116,0.0876670129496106,0.8798122065727699,0.0,0.0,0.0,0.0460106733196214,0
0.3480161398789509,0.3809523809523809,0.2010790714943909,0.0246135173775752,0.907981220657277,0.037037037037037,0.0,0.0,0.0424614186348435,0
0.8174176193678547,0.5952380952380952,0.2594949697930435,0.0165135821770568,0.136150234741784,0.074074074074074,0.0,0.0,0.0165481289659611,1
0.5403496973772697,0.4047619047619047,0.1375088292282102,0.0020725548481326,0.0967136150234741,0.074074074074074,0.0,0.0,0.045028588365861,1
0.5339609952925354,0.4047619047619047,0.4811293741073093,0.0366554210423459,0.5417840375586854,0.0,0.0,0.0,0.0364392748317409,0
0.2162071284465366,0.238095238095238,0.3265014413709097,0.0139421741768923,0.4384976525821596,0.037037037037037,0.0,0.0,0.0337346131854845,1
0.0181573638197713,0.7619047619047619,0.2371570929776426,0.013031895744834,0.4328638497652582,0.037037037037037,0.0,0.0,0.1456922805552444,1
0.512104909213181,0.2142857142857142,0.2182602180528182,0.0122476163047838,0.7333333333333333,0.074074074074074,0.0,0.2,0.0302972770678732,0
0.4159381304640215,0.4523809523809524,0.1701506213997764,0.0165392962570585,0.9295774647887324,0.074074074074074,0.0,0.0,0.0283311825904529,0
0.3349024882313383,0.5,0.166714392088091,0.0603998025158655,0.3530516431924883,0.0,0.0,0.0,0.0342256555134373,1
0.7262945527908542,0.5714285714285714,0.3797606094125886,0.0572009709636608,0.4178403755868544,0.037037037037037,0.0,0.0,0.0126197897829511,1
0.5850706119704102,0.3809523809523809,0.1014260351660675,0.0104476307046686,0.72018779342723,0.0,0.0,0.0,0.0101645777591302,0
0.5188298587760592,0.3333333333333333,0.2285689059878745,0.0565195478436172,0.4835680751173709,0.074074074074074,0.0,0.0,0.0190033410689341,0
0.5043712172158709,0.3095238095238095,0.2462654869430545,0.1106708289190829,0.8769953051643193,0.1111111111111111,0.0,0.0,0.0352077402321778,0
0.5104236718224614,0.5714285714285714,0.9986278947365828,0.0815779188052209,0.3079812206572769,0.0,0.0,0.0,0.0229316801315025,1
0.539340954942838,0.4285714285714285,0.2122492030468141,0.0325823107700852,0.5690140845070423,0.037037037037037,0.0,0.0,0.0269582278414122,0
0.3560860793544048,0.3571428571428571,0.2167139148625597,0.0239243800335311,0.2657276995305164,0.074074074074074,0.0,0.2,0.0425733764064013,1
0.3759246805648957,0.5714285714285714,0.1993609568385482,0.0287689127058412,0.5258215962441315,0.037037037037037,0.0,0.0,0.0646702847002643,1
0.1425689307330195,0.5476190476190477,0.1100189947347266,0.0172258621931024,0.0676056338028169,0.0,0.1666666666666666,0.0,0.0025534204964496,1
0.2323470073974445,0.8333333333333334,0.2305184888872751,0.0017537002561122,0.0309859154929577,0.037037037037037,0.0,0.0,0.0916776166099826,1
0.6274377942165434,0.5,0.1787435809684356,0.0451513530748896,0.4685446009389671,0.0,0.0,0.0,0.0288241889580457,1
0.4034969737726967,0.5952380952380952,0.2199783327086609,0.0146287401129362,0.2816901408450704,0.1851851851851851,0.0,0.0,0.0239137651088083,1
0.6267652992602556,0.4047619047619047,0.2869848042865271,0.0407311027226067,0.4422535211267606,0.0,0.0,0.0,0.0131108321621784,0
0.7155346334902489,0.6428571428571429,0.1460445183083412,0.0145258837929296,0.2835680751173708,0.074074074074074,0.0,0.0,0.0131108321621784,1
0.5685944855413585,0.4523809523809524,0.2680831567828116,0.0452079240508933,0.9220657276995304,0.0,0.0,0.0,0.0253436804485294,0
0.5026899798251513,0.5476190476190477,0.3007297215332689,0.0858927414294971,0.3793427230046948,0.074074074074074,0.0,0.0,0.0411002492667574,1
0.7797579018157365,0.238095238095238,0.1203252963803375,0.022625818993448,0.5173708920187794,0.0,0.0,0.0,0.0175302138959338,0
0.7948890383322126,0.5714285714285714,0.3849173396695622,0.1010666200384682,0.3183098591549295,0.0,0.0,0.0,0.0352077402321778,1
0.4357767316745125,0.6666666666666666,0.1959223412374173,0.0317337461300309,0.2892018779342723,0.0,0.0,0.0,0.0204764682503225,1
0.3106926698049765,0.238095238095238,0.3642999637994496,0.0851187476214476,0.9333333333333332,0.074074074074074,0.0,0.2,0.0376629521983356,0
0.6492938802958977,0.3809523809523809,0.3591456198319214,0.035125433282248,0.7417840375586855,0.037037037037037,0.0,0.0,0.0268600194804572,0
0.1402151983860121,0.4761904761904761,0.1392269438840529,0.0044511072482848,0.0845070422535211,0.1111111111111111,0.3333333333333333,0.0,0.0548494366110628,1
0.4690652320107599,0.4285714285714285,0.3488393181863106,0.0656917601802042,0.3014084507042253,0.0,0.0,0.0,0.0690896662618776,1
0.8241425689307331,0.3333333333333333,0.2251302903867435,0.054110138547463,0.7661971830985915,0.1111111111111111,0.0,0.0,0.0194914371603398,0
0.4835238735709483,0.4047619047619047,0.3127589104136135,0.1464905423613754,0.8413145539906103,0.037037037037037,0.0,0.0,0.0519031819758905,0
0.3533960995292535,0.4285714285714285,0.2354389783217999,0.0050913878403258,0.431924882629108,0.0,0.1666666666666666,0.0,0.0126217539308777,1
0.0672494956287827,0.4523809523809524,0.5172097818800065,0.0089022144965697,0.2028169014084507,0.0,0.0,0.0,0.0631971572173877,1
0.2760591795561534,0.5952380952380952,0.3402463586176515,0.0697262993324624,0.3906103286384976,0.037037037037037,0.0,0.0,0.0568136059524386,1
0.4636852723604573,0.6904761904761905,0.5223641258475347,0.0059348096643798,0.3098591549295774,0.1111111111111111,0.0,0.0,0.0646702847002643,1
0.2202420981842636,0.2142857142857142,0.2216964473645036,0.0585843884677494,0.8798122065727699,0.1111111111111111,0.1666666666666666,0.0,0.0720359203536145,0
0.0921318090114324,0.6428571428571429,0.3264990550814642,0.0728531314606626,0.4788732394366197,0.0,0.0,0.0,0.0671254964368954,1
0.5961667787491595,0.6666666666666666,0.2543382395360699,0.053672999187435,0.2666666666666666,0.074074074074074,0.0,0.0,0.0116377048953412,1
0.5349697377269671,0.7142857142857143,0.2994101140076772,0.033094020962118,0.1136150234741784,0.1481481481481481,0.0,0.0,0.0396271220452742,1
0.1822461331540013,0.4047619047619047,0.1117347231011239,0.0340145850261769,0.4281690140845071,0.0,0.0,0.0,0.0278421042383618,1
0.4936112979152656,0.5714285714285714,0.23200513529956,0.0325617395060839,0.3230046948356807,0.037037037037037,0.0,0.0,0.0278421042383618,1
0.3628110289172831,0.5,0.4673868431500129,0.0088482149285662,0.3934272300469483,0.1111111111111111,0.0,0.0,0.0818567689796768,1
0.4478816408876934,0.5714285714285714,0.089401618864614,0.0370565606903716,0.196244131455399,0.0,0.0,0.0,0.0430644189805465,1
0.4498991257565569,0.5952380952380952,0.1804640819137238,0.0198332699052693,0.304225352112676,0.037037037037037,0.0,0.0,0.0150730376220473,1
0.468728984532616,0.2142857142857142,0.1152306091907829,0.0556144122275593,0.8751173708920188,0.037037037037037,0.0,0.0,0.0229316801315025,0
0.050437121721587,0.8333333333333334,0.2457524388357473,0.0119776184647665,0.1004694835680751,0.0,0.0,0.0,0.0401181645479585,1
0.2743779421654337,0.8095238095238095,0.3694543077669778,0.0004525678080289,0.0028169014084507,0.1111111111111111,0.0,0.0,0.0204764682503225,1
0.5904505716207128,0.6904761904761905,0.2543430121149609,0.0858490274934943,0.4967136150234741,0.037037037037037,0.0,0.0,0.0361898251001366,1
0.7222595830531272,0.5714285714285714,0.2165421033969754,0.0837147588533577,0.7699530516431925,0.0,0.0,0.0,0.0229336443796764,0
0.3665097511768662,0.2857142857142857,0.2680855430722571,0.1324197977844748,0.847887323943662,0.074074074074074,0.0,0.2,0.0867671926938127,0
0.667787491593813,0.6428571428571429,0.225132676676189,0.0263672176336875,0.2206572769953051,0.037037037037037,0.0,0.0,0.021458553013592,1
0.597848016139879,0.4761904761904761,0.1340725999165248,0.0375682708824043,0.7220657276995306,0.0,0.0,0.0,0.0188560283368334,0
0.589778076664425,0.2857142857142857,0.1456388523097536,0.0103730598726638,0.6309859154929578,0.0,0.0,0.0,0.0111466625963018,0
0.7262945527908542,0.4285714285714285,0.2646493137605717,0.015454162080989,0.3887323943661971,0.0,0.1666666666666666,0.0,0.0101645777591302,1
0.8221250840618696,0.6666666666666666,0.5034672509227102,0.0760519630128673,0.3859154929577465,0.074074074074074,0.0,0.0,0.0178248392979837,1
0.4801613987895091,0.3095238095238095,0.2612130844488862,0.0210341174413461,0.8272300469483568,0.037037037037037,0.0,0.0,0.0337346131854845,0
0.4583053127101547,0.4523809523809524,0.3625842354330524,0.0402322495705748,0.7690140845070423,0.037037037037037,0.1666666666666666,0.0,0.0352077402321778,0
0.7780766644250169,0.4047619047619047,0.2457524388357473,0.0655657611881962,0.6065727699530515,0.074074074074074,0.0,0.0,0.0327525282724435,0
0.31271015467384,0.2142857142857142,0.0739385869620295,0.013016467296833,0.8056338028169013,0.0,0.0,0.0,0.0101645777591302,0
0.6661062542030934,0.2619047619047619,0.3935102992382214,0.0735268403567057,0.6291079812206573,0.074074074074074,0.0,0.0,0.0212493688629581,0
0.5803631472763955,0.3095238095238095,0.2320075215890055,0.0508624502432552,0.4582159624413145,0.0,0.0,0.0,0.0473364878873284,0
0.6260928043039677,0.4047619047619047,0.421000133731705,0.0207332627053269,0.6028169014084507,0.074074074074074,0.0,0.2,0.0229316801315025,0
0.5181573638197714,0.5238095238095238,0.0808134318748459,0.0158990156650175,0.2957746478873239,0.037037037037037,0.0,0.0,0.0229316801315025,1
0.3860121049092132,0.4523809523809524,0.3986073727172215,0.0540149964514569,0.892018779342723,0.0,0.0,0.0,0.0474838001660118,0
0.1923335574983187,0.6666666666666666,0.1968410553433122,0.0227903891054585,0.2572769953051643,0.037037037037037,0.0,0.0,0.0366808677009234,1
0.6765299260255548,0.238095238095238,0.4622348854719302,0.083329047653333,0.8619718309859155,0.037037037037037,0.6666666666666666,0.0,0.0494479701195233,0
0.4643577673167451,0.5,0.1701530076892219,0.045282494882898,0.7220657276995306,0.0,0.0,0.0,0.039259822173317,0
0.6348352387357095,0.5,0.1013735372564304,0.0429270851547473,0.3107981220657277,0.0,0.0,0.0,0.0474838001660118,1
0.2548755884330868,0.6428571428571429,0.1392293301734984,0.0265060736656963,0.3305164319248826,0.037037037037037,0.0,0.0,0.015566044180594,1
0.7256220578345662,0.238095238095238,0.1684325067439337,0.0349557203542371,0.596244131455399,0.074074074074074,0.0,0.0,0.0229316801315025,0
0.4636852723604573,0.5476190476190477,0.1529718611307947,0.0528964339713853,0.4657276995305164,0.0,0.0,0.0,0.0185122986959764,1
0.1153328850033624,0.4761904761904761,0.4352580990857541,0.0253180831696203,0.5605633802816902,0.037037037037037,0.0,0.0,0.0320159645598251,1
0.3685272360457297,0.5476190476190477,0.3007273352438233,0.0718657107885994,0.6929577464788732,0.0,0.0,0.0,0.032797704077249,0
0.2885003362474782,0.5952380952380952,0.2182602180528182,0.0682760252203696,0.4619718309859155,0.074074074074074,0.0,0.0,0.0366808677009234,1
0.777067921990585,0.3571428571428571,0.1924884982151773,0.058656387891754,0.5624413145539906,0.037037037037037,0.0,0.0,0.0227254425377392,0
0.3197713517148621,0.3333333333333333,0.1065851517124867,0.0370308466103699,0.8723004694835681,0.0,0.0,0.0,0.0213603445050906,0
0.5951580363147276,0.5714285714285714,0.3889286601559741,0.0459510609629408,0.4018779342723004,0.037037037037037,0.0,0.0,0.0312774370893217,1
0.2101546738399462,0.7619047619047619,0.2852666896306843,0.0317440317620316,0.1633802816901408,0.037037037037037,0.0,0.0,0.0548494366110628,1
0.5706119704102219,0.5,0.2303419048427998,0.0296483342418974,0.4610328638497653,0.0,0.0,0.0,0.0224406379063299,1
0.2316745124411567,0.4523809523809524,0.3144770250694562,0.0283497732018143,0.5173708920187794,0.037037037037037,0.0,0.2,0.0135979463020972,1
0.370880968392737,0.3809523809523809,0.5996792851886457,0.1124013865031936,0.7746478873239436,0.0,0.0,0.0,0.0376629521983356,0
0.2737054472091459,0.238095238095238,0.0654028978818984,0.0517135862913096,0.4769953051643192,0.1111111111111111,0.0,0.0,0.0229316801315025,0
0.1741761936785474,0.2619047619047619,0.0687818567050558,0.0138933174248891,0.5971830985915493,0.037037037037037,0.0,0.0,0.0170352430554169,0
0.0110961667787491,0.5476190476190477,0.1959247275268628,0.0001157133600074,0.0037558685446009,0.0,0.0,0.0,0.0794015563978803,1
0.7350369872225958,0.5238095238095238,0.3213470974033816,0.0574941114756796,0.2347417840375587,0.0,0.1666666666666666,0.0,0.0322614857832164,1
0.1761936785474109,0.2142857142857142,0.0911197335204567,0.0575455396356829,0.584037558685446,0.0,0.0,0.0,0.0425733764064013,0
0.0379959650302622,0.2857142857142857,0.0997103067996703,0.0015762731041008,0.7192488262910798,0.074074074074074,0.0,0.0,0.0140929169504821,0
0.5110961667787491,0.3095238095238095,0.2952341409240177,0.0736374109007128,0.5943661971830986,0.0,0.1666666666666666,0.0,0.0386450372999087,0
0.1624075319435104,0.3333333333333333,0.2887029189423698,0.0135256060808656,0.8666666666666666,0.0,0.0,0.2,0.0164499204397098,0
0.2874915938130464,0.7857142857142857,0.3076021801566397,0.022610390545447,0.1765258215962441,0.0,0.0,0.0,0.0142245164050727,1
0.2582380632145259,0.5714285714285714,0.2852690759201299,0.0167784372010738,0.0732394366197183,0.1111111111111111,0.0,0.0,0.0251551202373453,1
0.5047074646940148,0.4047619047619047,0.2285689059878745,0.1190716188556205,0.5314553990610329,0.037037037037037,0.0,0.0,0.053376309235693,0
0.3197713517148621,0.7380952380952381,0.5636036503384625,0.0144718842249262,0.1333333333333333,0.0,0.0,0.0,0.0510207787206283,1
0.4290517821116342,0.5952380952380952,0.1753073516567501,0.0258195077296524,0.4488262910798122,0.074074074074074,0.0,0.0,0.025384927971154,1
0.2262945527908541,0.3809523809523809,0.1156887730990076,0.0404019624985857,0.7915492957746478,0.0,0.0,0.0,0.0319295410801619,0
0.2891728312037659,0.5952380952380952,0.1701553939786674,0.0144615985929255,0.3004694835680751,0.0,0.0,0.0,0.0194943833172177,1
0.7457969065232011,0.4523809523809524,0.2182602180528182,0.0888678604856875,0.7971830985915493,0.074074074074074,0.0,0.0,0.0327525282724435,0
0.605245460659045,0.2619047619047619,0.2062358017513646,0.0241558067535459,0.4187793427230047,0.1111111111111111,0.0,0.0,0.010655620107374,0
0.4462004034969737,0.6428571428571429,0.1186095680139402,0.0192881314092344,0.2516431924882629,0.0,0.0,0.0,0.0443411289149477,1
0.2363819771351715,0.7857142857142857,0.31659364685555,0.0068399452804377,0.2225352112676056,0.0,0.0,0.0,0.0573046483742311,1
0.3056489576328177,0.3333333333333333,0.19764045589326,0.0391291155385042,0.5455399061032864,0.0,0.0,0.0,0.0239137651088083,0
0.1318090114324142,0.7857142857142857,0.2401375446705488,0.0212064017773572,0.104225352112676,0.074074074074074,0.0,0.0,0.1113193130893878,1
0.1583725622057834,0.4047619047619047,0.4038142145943867,0.0135898912808697,0.4957746478873239,0.037037037037037,0.0,0.2,0.0185122986959764,1
0.7330195023537324,0.4523809523809524,0.583533780346238,0.0611275109799121,0.7887323943661971,0.0,0.0,0.0,0.0160570866373895,0
0.597848016139879,0.4523809523809524,0.1306363706048393,0.0114170515207306,0.8178403755868544,0.037037037037037,0.0,0.0,0.0170411356370798,0
0.2451244115669132,0.5238095238095238,0.1427777141727945,0.0299466175699165,0.3173708920187793,0.1111111111111111,0.0,0.0,0.0366808677009234,1
0.4253530598520511,0.6666666666666666,0.1254844129267567,0.0003059975520195,0.0046948356807511,0.037037037037037,0.0,0.0,0.0219495954355649,1
0.0880968392737054,0.6428571428571429,0.1960392685039189,0.0258297933616531,0.3136150234741784,0.037037037037037,0.0,0.0,0.0411002492667574,1
0.7562205783456624,0.3571428571428571,0.4570781552149566,0.0,0.0,0.1111111111111111,0.0,0.2,0.021458553013592,1
0.5480833893745798,0.238095238095238,0.1959247275268628,0.0417648087386729,0.8967136150234741,0.0,0.0,0.0,0.0337346131854845,0
0.6899798251513114,0.4285714285714285,0.3093202948124824,0.2017732429569134,0.7915492957746478,0.074074074074074,0.0,0.0,0.0573046483742311,0
0.5090786819098857,0.3333333333333333,0.7422851880848487,0.0025714080001645,0.6704225352112677,0.074074074074074,0.5,0.0,0.0622150725481366,0
0.5709482178883659,0.3809523809523809,0.1993609568385482,0.0215123993293767,0.5821596244131455,0.074074074074074,0.0,0.0,0.0180212561449149,0
0.238063214525891,0.7142857142857143,0.7525389919926339,0.0651491930921695,0.3370892018779343,0.0,0.0,0.0,0.0273510617867704,1
0.7034297242770681,0.238095238095238,0.3505574328421533,0.1167779229194737,0.9230046948356808,0.0,0.1666666666666666,0.0,0.0570345749947792,0
0.1741761936785474,0.4285714285714285,0.2251350629656346,0.0685331660203861,0.755868544600939,0.074074074074074,0.0,0.0,0.0622150725481366,0
0.8160726294552791,0.3333333333333333,0.0825267739517976,0.0156547319050019,0.3784037558685446,0.037037037037037,0.0,0.0,0.015566044180594,0
0.832212508406187,0.5,0.3436802016398914,0.072297707332627,0.8948356807511737,0.037037037037037,0.0,0.0,0.0204764682503225,0
0.3110289172831204,0.4761904761904761,0.402096099938544,0.0457916336669306,0.5446009389671361,0.074074074074074,0.0,0.0,0.0253868921429877,1
0.3789509078681909,0.4523809523809524,0.4244339767539449,0.0194707013772461,0.1605633802816901,0.074074074074074,0.0,0.0,0.017039171423014,1
0.2202420981842636,0.5476190476190477,0.1375088292282102,0.0232121000174855,0.3530516431924883,0.037037037037037,0.0,0.0,0.0111486267107495,1
0.5716207128446537,0.3333333333333333,0.0945559628321421,0.0162230130730382,0.6582159624413145,0.0,0.0,0.0,0.0246012242816116,0
0.597511768661735,0.5714285714285714,0.1564080904424802,0.0139807452968947,0.2197183098591549,0.037037037037037,0.0,0.0,0.0191015494927201,1
0.2700067249495628,0.8095238095238095,0.2904234198876581,0.0409291011386194,0.2065727699530516,0.074074074074074,0.0,0.0,0.0401181645479585,1
0.5050437121721587,0.5476190476190477,0.3455152435622358,0.2143422852617179,0.3915492957746479,0.0,0.0,0.0,0.0438991907944741,1
0.535642232683255,0.2142857142857142,0.0790929309295576,0.0117487631527519,0.8938967136150235,0.0,0.0,0.0,0.0302973163266893,0
0.7067921990585071,0.5476190476190477,0.48474218746347,0.0236158110735114,0.1990610328638497,0.0,0.0,0.0,0.0164008162016342,1
0.6923335574983188,0.5,0.6254557779488005,0.0369742756343663,0.8384976525821596,0.0,0.0,0.0,0.0218710286807402,0
0.2763954270342972,0.6428571428571429,0.4811341466862002,0.0075393682564825,0.1615023474178403,0.0,0.0,0.0,0.0320198931849131,1
0.3705447209145932,0.4523809523809524,0.3196289827475388,0.0243872334735607,0.787793427230047,0.0,0.0,0.0,0.0352077402321778,0
0.4865501008742435,0.4047619047619047,0.1134552240464121,0.0224123921294343,0.4788732394366197,0.0,0.0,0.0,0.015566044180594,0
0.1442501681237391,0.4523809523809524,0.1649962774322483,0.0272594962097446,0.7107981220657277,0.074074074074074,0.0,0.0,0.0317704433622401,0
0.5793544048419638,0.4285714285714285,0.2354437509006909,0.0275037799697602,0.2300469483568075,0.1111111111111111,0.0,0.0,0.0204764682503225,1
0.2911903160726294,0.4523809523809524,0.2594949697930435,0.0336931590261563,0.5023474178403756,0.0,0.0,0.2,0.0278421042383618,1
0.4502353732347008,0.4047619047619047,0.1340725999165248,0.0382574082264484,0.3539906103286385,0.037037037037037,0.0,0.0,0.01487858489073,1
0.6738399462004036,0.5714285714285714,0.2114474162074208,0.0397539676825442,0.5690140845070423,0.0,0.0,0.0,0.0165481289659611,0
0.4623402824478816,0.238095238095238,0.3471188172410224,0.0216332555053845,0.7051643192488263,0.1111111111111111,0.0,0.0,0.0514121398438068,0
0.6331540013449899,0.5,0.1993609568385482,0.0553521286115425,0.5211267605633803,0.1111111111111111,0.0,0.0,0.0204764682503225,0
0.1018829858776059,0.5238095238095238,0.3625794628541613,0.0115276220647377,0.6788732394366197,0.0,0.0,0.0,0.0298897510725823,0
0.3221250840618695,0.2142857142857142,0.4313064353773158,0.0386482622424734,0.4901408450704225,0.037037037037037,0.0,0.0,0.070022646403221,0
0.3997982515131137,0.3333333333333333,0.1564080904424802,0.065797187908211,0.5446009389671361,0.037037037037037,0.0,0.0,0.0556351041406494,0
0.8002689979825152,0.3095238095238095,0.182179810280121,0.0909738436378223,0.83943661971831,0.0,0.0,0.0,0.0248958499714999,0
0.5766644250168124,0.7857142857142857,0.3935102992382214,0.0184652808491817,0.2845070422535211,0.0,0.0,0.0,0.0622150725481366,1
0.441156691324815,0.5952380952380952,0.2904234198876581,0.0627577836520165,0.3784037558685446,0.037037037037037,0.0,0.0,0.0288241889580457,1
0.8066577000672495,0.3333333333333333,0.2732375007503398,0.1760874484432696,0.4591549295774648,0.0,0.5,0.0,0.0499390124714584,0
0.8335574983187626,0.3809523809523809,0.3086903194386735,0.0554729847875502,0.692018779342723,0.037037037037037,0.0,0.0,0.0156858585180546,0
0.2333557498318763,0.5714285714285714,0.3849173396695622,0.0303966139699453,0.3098591549295774,0.0,0.0,0.0,0.0342256555134373,1
0.1577000672494956,0.5714285714285714,0.3110360231788797,0.0056159550723594,0.6769953051643192,0.037037037037037,0.0,0.0,0.0251413710376792,0
0.2478143913920645,0.2619047619047619,0.3917897982929332,0.0370822747703732,0.7868544600938967,0.0,0.3333333333333333,0.0,0.0225388462571351,0
0.6940147948890384,0.2142857142857142,0.1632829353552966,0.0394711128025261,0.352112676056338,0.037037037037037,0.0,0.0,0.0180212561449149,0
0.4105581708137189,0.5476190476190477,0.1718711223450647,0.0323174557460683,0.5417840375586854,0.074074074074074,0.0,0.0,0.0239137651088083,1
0.1059179556153328,0.3571428571428571,0.4897199473865229,0.0157164456970058,0.7652582159624414,0.0,0.1666666666666666,0.0,0.0213603445050906,0
0.2814391392064559,0.5714285714285714,0.2869848042865271,0.0627834977320181,0.3446009389671361,0.0,0.0,0.0,0.0165481289659611,1
0.2014122394082044,0.2142857142857142,0.2097245289726871,0.0159530152330209,0.2610328638497652,0.037037037037037,0.0,0.0,0.0843119804158115,1
0.347679892400807,0.3809523809523809,0.1426082889966558,0.0601478045318494,0.8516431924882629,0.037037037037037,0.0,0.0,0.0352077402321778,0
0.3745796906523201,0.5,0.1907727698487801,0.0237135245775176,0.4507042253521127,0.037037037037037,0.1666666666666666,0.0,0.0360267990391131,1
0.3765971755211836,0.5,0.1426655594851839,0.0288434835378459,0.4967136150234741,0.1111111111111111,0.0,0.0,0.0175302138959338,1
0.7525218560860794,0.6904761904761905,0.5360565451846393,0.0223558211534307,0.5070422535211268,0.1481481481481481,0.0,0.0,0.0231280971006809,1
0.2064559515803631,0.5238095238095238,0.4656687284941702,0.0345982946422142,0.1934272300469483,0.037037037037037,0.0,0.0,0.0720359203536145,1
0.5770006724949563,0.3571428571428571,0.1083008800788839,0.0275346368657622,0.7502347417840376,0.0,0.0,0.0,0.0266144983560902,0
0.4751176866173504,0.5,0.166714392088091,0.0137287473128786,0.1887323943661972,0.0,0.0,0.0,0.0288241889580457,1
0.261600537995965,0.6904761904761905,0.6922856651385684,0.0331531633461218,0.1323943661971831,0.037037037037037,0.0,0.0,0.0280876253561498,1
0.8080026899798253,0.238095238095238,0.2612106981594407,0.0937921068060027,0.8666666666666666,0.1111111111111111,0.0,0.0,0.0526397456490899,0
0.3039677202420981,0.5952380952380952,0.3385258576723632,0.0191081328492229,0.4741784037558685,0.037037037037037,0.0,0.0,0.0376629521983356,1
0.2952252858103564,0.4047619047619047,0.2098390699497433,0.0119441901607644,0.9089201877934272,0.074074074074074,0.0,0.0,0.0258779346679929,0
0.4465366509751177,0.2619047619047619,0.2371594792670881,0.0075599395204838,0.260093896713615,0.037037037037037,0.3333333333333333,0.0,0.0140929169504821,1
0.2279757901815736,0.6428571428571429,0.3419644732734942,0.0618552194439587,0.5089201877934273,0.037037037037037,0.0,0.0,0.0720359203536145,1
0.3621385339609953,0.6666666666666666,0.436806788565458,0.0465810559229811,0.3107981220657277,0.0,0.0,0.0,0.0204764682503225,1
0.5161398789509078,0.5476190476190477,0.3917921845823787,0.0501167419232074,0.5305164319248826,0.037037037037037,0.0,0.0,0.0415912914196748,1
0.4630127774041694,0.2619047619047619,0.1598467060436111,0.0544084218754821,0.7145539906103285,0.0,0.0,0.0,0.0268403778723677,0
0.629119031607263,0.6190476190476191,0.1976428421827055,0.0082516482725281,0.1183098591549295,0.0,0.0,0.0,0.0199854257566843,1
0.2982515131136516,0.6666666666666666,0.2354437509006909,0.0286891990578361,0.4225352112676056,0.0,0.0,0.0,0.0177757349867768,1
0.6936785474108944,0.4047619047619047,0.24747055349159,0.015251020848976,0.431924882629108,0.0,0.0,0.0,0.0165481289659611,0
0.296906523201076,0.5238095238095238,0.1877374339567913,0.0312220359379982,0.5849765258215962,0.0,0.0,0.0,0.0204764682503225,1
0.5171486213853397,0.6666666666666666,0.2818304603189989,0.0393811135225203,0.3868544600938967,0.0,0.0,0.0,0.0327525282724435,1
0.1977135171486214,0.4761904761904761,0.2921415345435008,0.013641319440873,0.1577464788732394,0.1111111111111111,0.0,0.2,0.0229316801315025,1
0.2804303967720242,0.5714285714285714,0.1443812878515811,0.0067859457124343,0.2253521126760563,0.037037037037037,0.0,0.0,0.0175302138959338,1
0.2609280430396772,0.3333333333333333,0.104867037056644,0.0179972845931518,0.6169014084507043,0.0,0.0,0.0,0.0163026078015034,0
0.7881640887693343,0.5476190476190477,0.2938596491993435,0.0421839482426997,0.6206572769953052,0.074074074074074,0.0,0.0,0.0248958499714999,0
0.6950235373234702,0.3809523809523809,0.3746062654450604,0.2072606276292646,0.8610328638497653,0.0,0.0,0.0,0.0794015563978803,0
0.5564895763281776,0.5,0.463953000127773,0.0626009277640064,0.8788732394366197,0.0,0.0,0.0,0.0309121013125255,0
0.6513113651647613,0.6666666666666666,0.486286104364283,0.0829407650453082,0.2967136150234742,0.0,0.0,0.0,0.0622150725481366,1
0.4498991257565569,0.4761904761904761,0.1083008800788839,0.017171862625099,0.4544600938967136,0.037037037037037,0.0,0.0,0.0273510617867704,1
0.4330867518493612,0.5476190476190477,0.421000133731705,0.1516462154017053,0.6732394366197183,0.0,0.0,0.0,0.113283481967775,0
0.6899798251513114,0.3095238095238095,0.2217537178530317,0.0578181088837003,0.6572769953051644,0.0,0.0,0.0,0.0229316801315025,0
0.6997310020174848,0.4285714285714285,0.2388775939229308,0.0654911903561914,0.9248826291079812,0.037037037037037,0.0,0.0,0.021458553013592,0
0.2138533960995292,0.6428571428571429,0.4367447454980389,0.0543467080834781,0.1849765258215962,0.0,0.0,0.0,0.0430644189805465,1
0.1866173503698722,0.7619047619047619,0.3814811103578768,0.0048651039363113,0.0497652582159624,0.074074074074074,0.0,0.0,0.0352077402321778,1
0.4384667114996637,0.5238095238095238,0.3539888895749477,0.0425979449307262,0.4037558685446009,0.0,0.0,0.0,0.0137000829975757,1
0.3712172158708809,0.7142857142857143,0.4158410171852857,0.0407876736986104,0.5051643192488262,0.0,0.0,0.0,0.0204764682503225,1
0.2797579018157364,0.2857142857142857,0.116889067068652,0.0109413410407002,0.2892018779342723,0.1111111111111111,0.0,0.0,0.0131108321621784,1
0.6647612642905179,0.4047619047619047,0.2182602180528182,0.1048645896547113,0.7220657276995306,0.0,0.0,0.0,0.0283277452399923,0
0.7373907195696032,0.238095238095238,0.0601960560047332,0.0410833856186293,0.7849765258215962,0.0,0.0,0.0,0.0160570866373895,0
0.3039677202420981,0.3095238095238095,0.2972911059321379,0.0255212244016333,0.4234741784037559,0.037037037037037,0.3333333333333333,0.0,0.0769463442831804,1
0.722595830531271,0.5,0.2128791784206231,0.0093342110405973,0.6685446009389672,0.037037037037037,0.0,0.0,0.026155864744405,0
0.3577673167451244,0.4285714285714285,0.1805189661128064,0.0291494810898655,0.2995305164319248,0.074074074074074,0.1666666666666666,0.0,0.0430644189805465,1
0.3927370544720914,0.3095238095238095,0.23200513529956,0.0237520956975201,0.6065727699530515,0.037037037037037,0.0,0.2,0.0074638445319004,0
0.7676529926025555,0.5714285714285714,0.4106890595072031,0.1099328348230357,0.368075117370892,0.1111111111111111,0.0,0.0,0.0411002492667574,1
0.3026227303295225,0.5714285714285714,0.1392269438840529,0.026688643633708,0.6497652582159624,0.0,0.0,0.0,0.0180212561449149,0
0.6647612642905179,0.5714285714285714,0.24747055349159,0.0402785349145778,0.5887323943661972,0.074074074074074,0.0,0.0,0.0190033410689341,0
0.4993275050437122,0.6666666666666666,0.3454007025851797,0.0408571017146148,0.4,0.0,0.0,0.0,0.0165481289659611,1
0.65635507733692,0.5238095238095238,0.1942066128710201,0.0387896896824825,0.6619718309859155,0.074074074074074,0.0,0.0,0.0215371197063991,0
0.7464694014794889,0.4285714285714285,0.1259425768349814,0.0398799666745523,0.5023474178403756,0.037037037037037,0.0,0.0,0.0128162066815988,0
0.4640215198386012,0.5952380952380952,0.290418647308767,0.0248398012815897,0.5671361502347417,0.074074074074074,0.0,0.0,0.0219495954355649,1
0.7757229320780095,0.3333333333333333,0.2818304603189989,0.0085730742725486,0.2206572769953051,0.0,0.0,0.0,0.015566044180594,1
0.3480161398789509,0.4047619047619047,0.0945535765426966,0.0449970685948798,0.5633802816901409,0.0,0.0,0.0,0.0288241889580457,0
0.7118359112306659,0.6666666666666666,0.6048336291561738,0.0646271972681361,0.3643192488262911,0.037037037037037,0.0,0.0,0.0254026055270902,1
0.2353732347007397,0.2857142857142857,0.2491886681474327,0.0201958384332925,0.7605633802816901,0.0,0.0,0.0,0.0192488621117207,0
0.2024209818426361,0.5238095238095238,0.3746062654450604,0.0349968628822398,0.4046948356807512,0.0,0.0,0.0,0.053867351782274,1
0.6694687289845327,0.4285714285714285,0.3523900884750522,0.0390108307704966,0.3389671361502347,0.0,0.1666666666666666,0.0,0.0380016733039599,1
0.2299932750504371,0.7619047619047619,0.4038166008838322,0.066985178404287,0.2450704225352112,0.0,0.0,0.0,0.0229316801315025,1
0.4852051109616678,0.5952380952380952,0.2526225111696726,0.002782263456178,0.3079812206572769,0.0,0.0,0.0,0.0347166978420778,1
0.5699394754539341,0.2857142857142857,0.486286104364283,0.0435030805467841,0.8497652582159625,0.0,0.0,0.0,0.0253868921429877,0
0.2925353059852051,0.5,0.0945559628321421,0.0178481429291422,0.368075117370892,0.0,0.0,0.0,0.0101645777591302,1
0.6903160726294554,0.4047619047619047,0.395223641315173,0.2354304022710675,0.8244131455399061,0.0,0.0,0.0,0.0474838001660118,0
0.4307330195023537,0.2857142857142857,0.2955777638551862,0.0866513067895456,0.8572769953051643,0.0,0.0,0.0,0.0573046483742311,0
0.5104236718224614,0.2142857142857142,0.3739810626501424,0.099297491334355,0.7164319248826291,0.037037037037037,0.0,0.0,0.0332799079616936,0
0.4667114996637526,0.4047619047619047,0.1460994025074238,0.0185089947851845,0.6140845070422536,0.037037037037037,0.0,0.0,0.0178660867522771,0
0.1936785474108944,0.4285714285714285,0.1976428421827055,0.0113733375847278,0.3774647887323944,0.037037037037037,0.0,0.0,0.011883226113804,1
0.7589105581708138,0.2142857142857142,0.1186095680139402,0.0116561924647459,0.7211267605633802,0.037037037037037,0.0,0.0,0.0278421042383618,0
0.4445191661062542,0.6190476190476191,0.2388775939229308,0.0276863499377719,0.4723004694835681,0.0,0.0,0.0,0.0830843750420929,1
0.6466039004707466,0.4047619047619047,0.1753073516567501,0.0775022371249601,0.83943661971831,0.037037037037037,0.0,0.0,0.0278421042383618,0
0.5850706119704102,0.2619047619047619,0.0567550541141567,0.022016395297409,0.3089201877934272,0.1111111111111111,0.0,0.0,0.0072183233318765,1
0.605245460659045,0.4047619047619047,0.2030835385928741,0.0430402271067545,0.2450704225352112,0.074074074074074,0.0,0.0,0.0415912914196748,1
0.4011432414256893,0.7142857142857143,0.1959247275268628,0.034469724242206,0.2535211267605634,0.0,0.0,0.0,0.0140929169504821,1
0.4932750504371217,0.3333333333333333,0.4089709448513604,0.2451168962076874,0.9051643192488265,0.0,0.0,0.0,0.138326645144982,0
0.3601210490921319,0.3095238095238095,0.2457500525463017,0.0398002530265472,0.9032863849765258,0.0,0.0,0.0,0.0499390124714584,0
0.1503026227303295,0.4761904761904761,0.2649929366917402,0.0184472809931806,0.5314553990610329,0.1111111111111111,0.0,0.2,0.0180212561449149,1
0.6496301277740417,0.5714285714285714,0.2183174885413462,0.0841081842773829,0.5032863849765258,0.0,0.0,0.0,0.0239137651088083,0
0.414256893073302,0.6666666666666666,0.359148006121367,0.0627757835080176,0.419718309859155,0.0,0.0,0.0,0.0366808677009234,1
0.6008742434431742,0.4523809523809524,0.2131034877958445,0.0143870277609207,0.1399061032863849,0.0,0.0,0.2,0.0337346131854845,1
0.5934767989240081,0.238095238095238,0.2165421033969754,0.1031288892546002,0.7549295774647888,0.0,0.0,0.0,0.0337346131854845,0
