dti,fico,inq.last.6mths
0.8876933422999328,0.38095238095238093,0.07407407407407407
0.4377942165433759,0.3333333333333333,0.14814814814814814
0.65635507733692,0.2619047619047619,0.14814814814814814
0.5443846671149967,0.2619047619047619,0.14814814814814814
0.8917283120376598,0.23809523809523808,0.14814814814814814
0.6687962340282448,0.11904761904761904,0.2222222222222222
0.7367182246133155,0.14285714285714285,0.1111111111111111
0.5410221923335575,0.3333333333333333,0.2222222222222222
0.4680564895763282,0.19047619047619047,0.0
0.5141223940820444,0.42857142857142855,0.14814814814814814
0.4646940147948891,0.2857142857142857,0.25925925925925924
0.5611970410221924,0.40476190476190477,0.2222222222222222
0.6597175521183591,0.47619047619047616,0.14814814814814814
0.2982515131136516,0.23809523809523808,0.14814814814814814
0.8352387357094823,0.30952380952380953,0.07407407407407407
0.7911903160726296,0.11904761904761904,0.037037037037037035
0.8069939475453934,0.2619047619047619,0.14814814814814814
0.22494956287827844,0.14285714285714285,0.037037037037037035
0.47848016139878957,0.16666666666666666,0.14814814814814814
0.9559515803631473,0.38095238095238093,0.1111111111111111
0.07397444519166108,0.21428571428571427,0.037037037037037035
0.7824478816408877,0.19047619047619047,0.037037037037037035
0.5457296570275724,0.2857142857142857,0.18518518518518517
0.5601882985877606,0.30952380952380953,0.18518518518518517
0.6008742434431742,0.47619047619047616,0.14814814814814814
0.5689307330195025,0.14285714285714285,0.2962962962962963
0.39475453934095495,0.40476190476190477,0.14814814814814814
0.03295225285810357,0.30952380952380953,0.14814814814814814
0.5971755211835912,0.47619047619047616,0.2222222222222222
0.6674512441156693,0.19047619047619047,0.3333333333333333
0.4606590450571621,0.5476190476190477,0.14814814814814814
0.23032952252858105,0.2619047619047619,0.0
0.5154673839946201,0.16666666666666666,0.37037037037037035
0.5605245460659046,0.2857142857142857,0.14814814814814814
0.4969737726967048,0.23809523809523808,0.14814814814814814
0.43140551445864156,0.16666666666666666,0.4444444444444444
0.4182918628110289,0.30952380952380953,0.14814814814814814
0.4546065904505716,0.19047619047619047,0.07407407407407407
0.6136516476126429,0.42857142857142855,0.2222222222222222
0.28244788164088774,0.16666666666666666,0.1111111111111111
0.49562878278412914,0.16666666666666666,0.037037037037037035
0.50773369199731,0.11904761904761904,0.1111111111111111
0.5810356422326833,0.19047619047619047,0.07407407407407407
0.226630800268998,0.5714285714285714,0.14814814814814814
0.7128446536650975,0.23809523809523808,0.18518518518518517
0.6223940820443847,0.2619047619047619,0.37037037037037035
0.21721587088096841,0.38095238095238093,0.3333333333333333
0.7340282447881641,0.23809523809523808,0.14814814814814814
0.4011432414256893,0.47619047619047616,0.14814814814814814
0.5595158036314728,0.2619047619047619,0.25925925925925924
0.26361802286482855,0.38095238095238093,0.14814814814814814
0.19569603227975793,0.30952380952380953,0.14814814814814814
0.722932078009415,0.19047619047619047,0.25925925925925924
0.2363819771351715,0.5714285714285714,0.2222222222222222
0.5484196368527235,0.30952380952380953,0.14814814814814814
0.29051782111634167,0.21428571428571427,0.037037037037037035
0.3459986550100874,0.16666666666666666,0.1111111111111111
0.6126429051782112,0.23809523809523808,0.1111111111111111
0.1230665770006725,0.47619047619047616,0.18518518518518517
0.6301277740416946,0.23809523809523808,0.14814814814814814
0.34667114996637527,0.4523809523809524,0.18518518518518517
0.40517821116341635,0.11904761904761904,0.07407407407407407
0.46402151983860124,0.30952380952380953,0.18518518518518517
0.7326832548755885,0.5,0.0
0.8453261600537997,0.47619047619047616,0.0
0.8540685944855414,0.42857142857142855,0.0
0.695696032279758,0.40476190476190477,0.14814814814814814
0.5662407531943511,0.38095238095238093,0.14814814814814814
0.5531271015467384,0.30952380952380953,0.2222222222222222
0.765635507733692,0.35714285714285715,0.2222222222222222
0.125084061869536,0.38095238095238093,0.0
0.4495628782784129,0.4523809523809524,0.2222222222222222
0.8628110289172831,0.47619047619047616,0.07407407407407407
0.07262945527908542,0.21428571428571427,0.2222222222222222
0.5615332885003362,0.21428571428571427,0.14814814814814814
0.6176866173503699,0.19047619047619047,0.037037037037037035
0.45729657027572296,0.23809523809523808,0.14814814814814814
0.789172831203766,0.38095238095238093,0.0
0.1882985877605918,0.8809523809523809,0.0
0.636516476126429,0.11904761904761904,0.25925925925925924
0.5706119704102219,0.16666666666666666,0.037037037037037035
0.0578345662407532,0.5,0.14814814814814814
0.0070611970410221925,0.2619047619047619,0.25925925925925924
0.5171486213853397,0.2857142857142857,0.14814814814814814
0.4700739744451917,0.5476190476190477,0.14814814814814814
0.4340954942837929,0.23809523809523808,0.5555555555555556
0.6583725622057834,0.11904761904761904,0.0
0.6308002689979826,0.5476190476190477,0.14814814814814814
0.6765299260255548,0.21428571428571427,0.18518518518518517
0.636516476126429,0.23809523809523808,0.18518518518518517
0.5618695359784802,0.2857142857142857,0.18518518518518517
0.15265635507733694,0.14285714285714285,0.07407407407407407
0.4145931405514459,0.2857142857142857,0.14814814814814814
0.44250168123739075,0.14285714285714285,0.1111111111111111
0.1324815063887021,0.16666666666666666,0.1111111111111111
0.6331540013449899,0.23809523809523808,0.14814814814814814
0.6112979152656355,0.23809523809523808,0.18518518518518517
0.6886348352387358,0.16666666666666666,0.25925925925925924
0.24445191661062543,0.14285714285714285,0.0
0.64862138533961,0.35714285714285715,0.14814814814814814
0.7414256893073302,0.19047619047619047,0.1111111111111111
0.7652992602555482,0.47619047619047616,0.07407407407407407
0.433759246805649,0.38095238095238093,0.14814814814814814
0.9535978480161399,0.2619047619047619,0.037037037037037035
0.4983187626092805,0.14285714285714285,0.1111111111111111
0.5282447881640888,0.11904761904761904,0.1111111111111111
0.4351042367182246,0.4523809523809524,0.0
0.765635507733692,0.4523809523809524,0.14814814814814814
0.5420309347679892,0.21428571428571427,0.18518518518518517
0.820780094149294,0.3333333333333333,0.18518518518518517
0.14593140551445866,0.11904761904761904,0.2962962962962963
0.14122394082044387,0.30952380952380953,0.2962962962962963
0.14189643577673167,0.023809523809523808,0.37037037037037035
0.26899798251513113,0.3333333333333333,0.14814814814814814
0.8073301950235374,0.19047619047619047,0.14814814814814814
0.5561533288500337,0.35714285714285715,0.18518518518518517
0.45427034297242774,0.11904761904761904,0.2962962962962963
0.2632817753866846,0.3333333333333333,0.14814814814814814
0.7162071284465367,0.5,0.14814814814814814
0.6489576328177539,0.23809523809523808,0.14814814814814814
0.6301277740416946,0.5,0.14814814814814814
0.6143241425689308,0.16666666666666666,0.1111111111111111
0.7047747141896437,0.19047619047619047,0.1111111111111111
0.343981170141224,0.11904761904761904,0.0
0.7363819771351715,0.40476190476190477,0.0
0.9485541358439813,0.21428571428571427,0.037037037037037035
0.30094149293880296,0.5476190476190477,0.14814814814814814
0.5191661062542031,0.14285714285714285,0.037037037037037035
0.36516476126429054,0.5,0.14814814814814814
0.26832548755884333,0.14285714285714285,0.2222222222222222
0.17888365837256223,0.5238095238095238,0.18518518518518517
0.23201075991930062,0.14285714285714285,0.0
0.38802958977807667,0.16666666666666666,0.18518518518518517
0.3093476798924008,0.14285714285714285,0.037037037037037035
0.2262945527908541,0.11904761904761904,0.0
0.6002017484868865,0.11904761904761904,0.037037037037037035
0.3960995292535306,0.5714285714285714,0.14814814814814814
0.773705447209146,0.23809523809523808,0.14814814814814814
0.6516476126429052,0.2619047619047619,0.18518518518518517
0.5736381977135171,0.35714285714285715,0.18518518518518517
0.5884330867518494,0.30952380952380953,0.2222222222222222
0.7071284465366511,0.16666666666666666,0.07407407407407407
0.5221923335574983,0.14285714285714285,0.037037037037037035
0.6852723604572966,0.40476190476190477,0.18518518518518517
0.28581035642232683,0.11904761904761904,0.07407407407407407
0.7982515131136516,0.5238095238095238,0.07407407407407407
0.5423671822461331,0.42857142857142855,0.0
0.6008742434431742,0.2619047619047619,0.0
0.2676529926025555,0.16666666666666666,0.1111111111111111
0.382985877605918,0.11904761904761904,0.07407407407407407
0.2333557498318763,0.16666666666666666,0.037037037037037035
0.1906523201075992,0.5714285714285714,0.14814814814814814
0.4660390047074647,0.38095238095238093,0.037037037037037035
0.6980497646267654,0.3333333333333333,0.14814814814814814
0.687962340282448,0.23809523809523808,0.14814814814814814
0.31909885675857436,0.30952380952380953,0.18518518518518517
0.42568930733019505,0.4523809523809524,0.0
0.5682582380632145,0.2619047619047619,0.18518518518518517
0.753866845998655,0.3333333333333333,0.18518518518518517
0.6852723604572966,0.2619047619047619,0.14814814814814814
0.4926025554808339,0.2857142857142857,0.18518518518518517
0.6543375924680566,0.19047619047619047,0.0
0.31977135171486215,0.35714285714285715,0.14814814814814814
0.7067921990585071,0.11904761904761904,0.037037037037037035
0.9515803631472765,0.23809523809523808,0.18518518518518517
0.7020847343644923,0.3333333333333333,0.14814814814814814
0.008742434431741762,0.3333333333333333,0.0
0.28244788164088774,0.35714285714285715,0.25925925925925924
0.3816408876933423,0.16666666666666666,0.18518518518518517
0.5685944855413585,0.14285714285714285,0.37037037037037035
0.44014794889038333,0.3333333333333333,0.2962962962962963
0.7454606590450572,0.40476190476190477,0.2962962962962963
0.8574310692669805,0.19047619047619047,0.0
0.5174848688634835,0.5,0.0
0.460995292535306,0.16666666666666666,0.07407407407407407
0.6271015467383995,0.42857142857142855,0.2222222222222222
0.005716207128446537,0.42857142857142855,0.37037037037037035
0.7505043712172159,0.2619047619047619,0.3333333333333333
0.35036987222595833,0.3333333333333333,0.5185185185185185
0.3507061197041022,0.47619047619047616,0.14814814814814814
0.636852723604573,0.16666666666666666,0.037037037037037035
0.6694687289845327,0.40476190476190477,0.25925925925925924
0.5453934095494284,0.4523809523809524,0.18518518518518517
0.5786819098856759,0.30952380952380953,0.14814814814814814
0.476462676529926,0.3333333333333333,0.14814814814814814
0.7952252858103565,0.16666666666666666,0.0
0.25554808338937457,0.30952380952380953,0.18518518518518517
0.9314055144586416,0.2619047619047619,0.18518518518518517
0.14088769334229995,0.23809523809523808,0.14814814814814814
0.12945527908540688,0.3333333333333333,0.0
0.7067921990585071,0.35714285714285715,0.14814814814814814
0.7908540685944856,0.30952380952380953,0.37037037037037035
0.3786146603900471,0.16666666666666666,0.07407407407407407
0.46435776731674516,0.21428571428571427,0.14814814814814814
0.480497646267653,0.16666666666666666,0.037037037037037035
0.7350369872225958,0.14285714285714285,0.1111111111111111
0.3251513113651648,0.14285714285714285,0.037037037037037035
0.5608607935440484,0.19047619047619047,0.0
0.7592468056489576,0.16666666666666666,0.1111111111111111
0.7505043712172159,0.47619047619047616,0.18518518518518517
0.23604572965702758,0.5476190476190477,0.18518518518518517
0.8406186953597848,0.21428571428571427,0.1111111111111111
0.8833221250840619,0.38095238095238093,0.07407407407407407
0.13080026899798253,0.19047619047619047,0.14814814814814814
0.9660390047074647,0.14285714285714285,0.2222222222222222
0.6503026227303296,0.19047619047619047,0.2222222222222222
0.08069939475453934,0.11904761904761904,0.1111111111111111
0.4519166106254203,0.2857142857142857,0.25925925925925924
0.17821116341627438,0.0,0.14814814814814814
0.5605245460659046,0.5,0.14814814814814814
0.5228648285137862,0.2619047619047619,0.037037037037037035
0.6556825823806322,0.2619047619047619,0.14814814814814814
0.4310692669804977,0.38095238095238093,0.18518518518518517
0.7276395427034298,0.4523809523809524,0.14814814814814814
0.1324815063887021,0.21428571428571427,0.037037037037037035
0.5279085406859448,0.6666666666666666,0.0
0.79724277067922,0.35714285714285715,0.0
0.42837928715534634,0.16666666666666666,0.0
0.234364492266308,0.38095238095238093,0.0
0.34364492266308005,0.3333333333333333,0.14814814814814814
0.7262945527908542,0.19047619047619047,0.14814814814814814
0.8032952252858104,0.35714285714285715,0.0
0.5776731674512441,0.21428571428571427,0.14814814814814814
0.9818426361802287,0.16666666666666666,0.037037037037037035
0.7256220578345662,0.23809523809523808,0.14814814814814814
0.8338937457969066,0.19047619047619047,0.0
0.6903160726294554,0.16666666666666666,0.2962962962962963
0.3443174176193679,0.30952380952380953,0.37037037037037035
0.6711499663752523,0.30952380952380953,0.037037037037037035
0.23268325487558844,0.3333333333333333,0.0
0.7256220578345662,0.19047619047619047,0.1111111111111111
0.9263618022864829,0.14285714285714285,0.1111111111111111
0.16072629455279086,0.19047619047619047,0.037037037037037035
0.6580363147276396,0.3333333333333333,0.0
0.941156691324815,0.35714285714285715,0.0
0.37390719569603226,0.42857142857142855,0.4074074074074074
0.18359112306657702,0.38095238095238093,0.14814814814814814
0.4149293880295898,0.5238095238095238,0.0
0.2582380632145259,0.21428571428571427,0.037037037037037035
0.44014794889038333,0.5714285714285714,0.0
0.7726967047747142,0.47619047619047616,0.14814814814814814
0.6553463349024882,0.19047619047619047,0.5185185185185185
0.6872898453261601,0.21428571428571427,0.18518518518518517
0.4498991257565569,0.23809523809523808,0.037037037037037035
0.6698049764626767,0.16666666666666666,0.2222222222222222
0.8624747814391392,0.40476190476190477,0.037037037037037035
0.7481506388702085,0.14285714285714285,0.2222222222222222
0.4667114996637526,0.2857142857142857,0.3333333333333333
0.5480833893745798,0.14285714285714285,0.14814814814814814
0.3140551445864156,0.35714285714285715,0.14814814814814814
0.4902488231338265,0.5714285714285714,0.037037037037037035
0.9603227975790182,0.23809523809523808,0.2962962962962963
0.07969065232010761,0.4523809523809524,0.0
0.33759246805648957,0.19047619047619047,0.1111111111111111
0.41257565568258237,0.21428571428571427,0.25925925925925924
0.8429724277067923,0.23809523809523808,0.1111111111111111
0.5245460659045057,0.40476190476190477,0.14814814814814814
0.3328850033624748,0.38095238095238093,0.14814814814814814
0.30598520511096167,0.23809523809523808,0.4444444444444444
0.5796906523201075,0.19047619047619047,0.037037037037037035
0.7434431741761937,0.5,0.14814814814814814
0.3607935440484197,0.16666666666666666,0.0
0.8540685944855414,0.2857142857142857,0.2962962962962963
0.7582380632145259,0.11904761904761904,0.07407407407407407
0.8110289172831204,0.21428571428571427,0.14814814814814814
0.45225285810356425,0.11904761904761904,0.1111111111111111
0.3214525891055817,0.21428571428571427,0.037037037037037035
0.831876260928043,0.5714285714285714,0.0
0.9324142568930733,0.30952380952380953,0.037037037037037035
0.5295897780766644,0.11904761904761904,0.14814814814814814
0.46704774714189645,0.14285714285714285,0.1111111111111111
0.7451244115669133,0.21428571428571427,0.2222222222222222
0.6028917283120376,0.21428571428571427,0.037037037037037035
0.7649630127774042,0.38095238095238093,0.07407407407407407
0.9290517821116342,0.30952380952380953,0.3333333333333333
0.40854068594485543,0.19047619047619047,0.1111111111111111
0.8564223268325487,0.23809523809523808,0.25925925925925924
0.7854741089441829,0.35714285714285715,0.18518518518518517
0.4633490248823134,0.16666666666666666,0.07407407407407407
0.7004034969737727,0.21428571428571427,0.14814814814814814
0.8920645595158038,0.38095238095238093,0.18518518518518517
0.7895090786819099,0.21428571428571427,0.18518518518518517
0.6634162743779423,0.19047619047619047,0.48148148148148145
0.3631472763954271,0.38095238095238093,0.14814814814814814
0.5191661062542031,0.5476190476190477,0.0
0.7212508406186954,0.3333333333333333,0.18518518518518517
0.7646267652992602,0.14285714285714285,0.0
0.7007397444519167,0.3333333333333333,0.6296296296296297
0.5262273032952254,0.16666666666666666,0.037037037037037035
0.025218560860793545,0.40476190476190477,0.0
0.6381977135171487,0.2857142857142857,0.25925925925925924
0.40484196368527237,0.23809523809523808,0.14814814814814814
0.800941492938803,0.42857142857142855,0.0
0.4636852723604573,0.47619047619047616,0.14814814814814814
0.31775386684599866,0.5476190476190477,0.0
0.2958977807666443,0.2619047619047619,0.0
0.42871553463349027,0.42857142857142855,0.037037037037037035
0.7343644922663081,0.2857142857142857,0.0
0.5443846671149967,0.6428571428571429,0.037037037037037035
0.7199058507061198,0.5238095238095238,0.037037037037037035
0.3856758574310693,0.42857142857142855,0.07407407407407407
0.20813718897108274,0.6428571428571429,0.0
0.5292535305985205,0.35714285714285715,0.07407407407407407
0.5245460659045057,0.5238095238095238,0.0
0.277404169468729,0.3333333333333333,0.07407407407407407
0.722595830531271,0.40476190476190477,0.0
0.1183591123066577,0.4523809523809524,0.0
0.5137861466039004,0.47619047619047616,0.07407407407407407
0.7289845326160054,0.3333333333333333,0.0
0.500336247478144,0.5,0.037037037037037035
0.07868190988567586,0.3333333333333333,0.037037037037037035
0.7844653665097512,0.23809523809523808,0.0
0.18022864828513788,0.5714285714285714,0.0
0.22158708809683927,0.47619047619047616,0.1111111111111111
0.4926025554808339,0.5238095238095238,0.0
0.20174848688634836,0.2619047619047619,0.0
0.35104236718224613,0.4523809523809524,0.1111111111111111
0.3981170141223941,0.2619047619047619,0.037037037037037035
0.05615332885003362,0.2857142857142857,0.07407407407407407
0.39206455951580366,0.47619047619047616,0.1111111111111111
0.2747141896435777,0.7619047619047619,0.037037037037037035
0.4831876260928043,0.6666666666666666,0.0
0.5891055817081372,0.35714285714285715,0.0
0.4902488231338265,0.47619047619047616,0.037037037037037035
0.460995292535306,0.5714285714285714,0.0
0.6230665770006726,0.30952380952380953,0.0
0.6950235373234702,0.4523809523809524,0.1111111111111111
0.42636180228648285,0.8333333333333334,0.0
0.4895763281775387,0.5238095238095238,0.0
0.4196368527236046,0.35714285714285715,0.1111111111111111
0.7642905178211163,0.5952380952380952,0.07407407407407407
0.8295225285810357,0.4523809523809524,0.0
0.8386012104909214,0.3333333333333333,0.0
0.7885003362474782,0.35714285714285715,0.037037037037037035
0.41156691324815065,0.5,0.037037037037037035
0.44519166106254204,0.21428571428571427,0.0
0.7975790181573639,0.42857142857142855,0.07407407407407407
0.3658372562205784,0.47619047619047616,0.0
0.2915265635507734,0.21428571428571427,0.07407407407407407
0.4828513786146604,0.5238095238095238,0.0
0.7172158708809684,0.6904761904761905,0.0
0.37020847343644925,0.5238095238095238,0.0
0.21217215870880968,0.5714285714285714,0.07407407407407407
0.296906523201076,0.5952380952380952,0.037037037037037035
0.4895763281775387,0.47619047619047616,0.0
0.5864156018829859,0.5238095238095238,0.037037037037037035
0.7800941492938803,0.7380952380952381,0.0
0.5699394754539341,0.6190476190476191,0.07407407407407407
0.35440484196368527,0.30952380952380953,0.07407407407407407
0.5030262273032953,0.21428571428571427,0.037037037037037035
0.2942165433759247,0.5476190476190477,0.07407407407407407
0.09583053127101547,0.6666666666666666,0.1111111111111111
0.44048419636852726,0.2619047619047619,0.037037037037037035
0.3937457969065232,0.35714285714285715,0.0
0.24714189643577672,0.5952380952380952,0.0
0.3201075991930061,0.40476190476190477,0.0
0.5813718897108272,0.47619047619047616,0.07407407407407407
0.4203093476798924,0.23809523809523808,0.037037037037037035
0.5854068594485542,0.5714285714285714,0.0
0.7296570275722932,0.5238095238095238,0.07407407407407407
0.20544720914593143,0.7619047619047619,0.1111111111111111
0.3934095494283793,0.23809523809523808,0.1111111111111111
0.2104909213180901,0.2857142857142857,0.0
0.7542030934767989,0.47619047619047616,0.0
0.6032279757901816,0.6904761904761905,0.037037037037037035
0.2703429724277068,0.5,0.037037037037037035
0.777404169468729,0.42857142857142855,0.1111111111111111
0.13618022864828513,0.7380952380952381,0.07407407407407407
0.7061197041022192,0.5238095238095238,0.037037037037037035
0.8258238063214526,0.47619047619047616,0.037037037037037035
0.49293880295897785,0.2619047619047619,0.0
0.6980497646267654,0.23809523809523808,0.0
0.28614660390047075,0.7857142857142857,0.0
0.2807666442501681,0.6666666666666666,0.0
0.8234700739744452,0.7142857142857143,0.037037037037037035
0.3288500336247478,0.2857142857142857,0.0
0.5319435104236718,0.23809523809523808,0.037037037037037035
0.3799596503026228,0.35714285714285715,0.0
0.007397444519166106,0.8333333333333334,0.037037037037037035
0.539340954942838,0.30952380952380953,0.0
0.496301277740417,0.6190476190476191,0.18518518518518517
0.10322797579018157,0.7380952380952381,0.037037037037037035
0.2649630127774042,0.3333333333333333,0.037037037037037035
0.2730329522528581,0.5476190476190477,0.07407407407407407
0.531607262945528,0.21428571428571427,0.0
0.5736381977135171,0.2619047619047619,0.1111111111111111
0.13080026899798253,0.23809523809523808,0.0
0.7555480833893746,0.5714285714285714,0.037037037037037035
0.8308675184936114,0.40476190476190477,0.037037037037037035
0.6096166778749159,0.40476190476190477,0.037037037037037035
0.3473436449226631,0.5,0.0
0.18695359784801613,0.23809523809523808,0.037037037037037035
0.31708137188971086,0.3333333333333333,0.0
0.3648285137861466,0.30952380952380953,0.0
0.7676529926025555,0.2857142857142857,0.07407407407407407
0.2094821788836584,0.38095238095238093,0.0
0.5073974445191661,0.30952380952380953,0.1111111111111111
0.45124411566913253,0.5952380952380952,0.0
0.4606590450571621,0.5,0.0
0.7515131136516477,0.2619047619047619,0.037037037037037035
0.13382649630127774,0.23809523809523808,0.0
0.7780766644250169,0.40476190476190477,0.037037037037037035
0.37525218560860796,0.21428571428571427,0.037037037037037035
0.5289172831203767,0.30952380952380953,0.037037037037037035
0.2437794216543376,0.23809523809523808,0.07407407407407407
0.496301277740417,0.35714285714285715,0.037037037037037035
0.26529926025554806,0.2857142857142857,0.1111111111111111
0.5635507733691998,0.23809523809523808,0.0
0.5733019502353733,0.42857142857142855,0.0
0.8133826496301279,0.42857142857142855,0.1111111111111111
0.5383322125084062,0.5476190476190477,0.1111111111111111
0.4478816408876934,0.21428571428571427,0.0
0.777404169468729,0.3333333333333333,0.0
0.25857431069266984,0.47619047619047616,0.0
0.6960322797579018,0.3333333333333333,0.1111111111111111
0.531607262945528,0.35714285714285715,0.037037037037037035
0.45494283792871554,0.8095238095238095,0.1111111111111111
0.6822461331540014,0.5952380952380952,0.0
0.472763954270343,0.40476190476190477,0.07407407407407407
0.8365837256220578,0.40476190476190477,0.037037037037037035
0.06422326832548755,0.21428571428571427,0.037037037037037035
0.22225958305312712,0.35714285714285715,0.0
0.7589105581708138,0.30952380952380953,0.0
0.28614660390047075,0.47619047619047616,0.0
0.4535978480161399,0.3333333333333333,0.07407407407407407
0.17182246133154003,0.35714285714285715,0.037037037037037035
0.7488231338264963,0.2619047619047619,0.0
0.4129119031607263,0.6190476190476191,0.037037037037037035
0.16711499663752521,0.8333333333333334,0.0
0.6792199058507061,0.21428571428571427,0.0
0.1852723604572966,0.4523809523809524,0.1111111111111111
0.5326160053799597,0.5714285714285714,0.0
0.34364492266308005,0.2619047619047619,0.037037037037037035
0.6304640215198386,0.40476190476190477,0.0
0.28749159381304645,0.4523809523809524,0.0
0.6664425016812374,0.6428571428571429,0.0
0.7289845326160054,0.40476190476190477,0.0
0.37323470073974446,0.35714285714285715,0.037037037037037035
0.023537323470073975,0.9285714285714286,0.0
0.3083389374579691,0.38095238095238093,0.0
0.7498318762609281,0.2857142857142857,0.037037037037037035
0.6469401479488903,0.21428571428571427,0.0
0.5561533288500337,0.2619047619047619,0.037037037037037035
0.6096166778749159,0.5476190476190477,0.037037037037037035
0.6170141223940822,0.38095238095238093,0.0
0.8019502353732348,0.21428571428571427,0.07407407407407407
0.5036987222595831,0.5,0.0
0.23201075991930062,0.5238095238095238,0.0
0.3611297915265636,0.3333333333333333,0.07407407407407407
0.10087424344317418,0.47619047619047616,0.0
0.621385339609953,0.40476190476190477,0.037037037037037035
0.3016139878950908,0.6666666666666666,0.0
0.2104909213180901,0.40476190476190477,0.07407407407407407
0.15534633490248825,0.3333333333333333,0.0
0.42367182246133156,0.6428571428571429,0.037037037037037035
0.6509751176866173,0.21428571428571427,0.0
0.3809683927370545,0.42857142857142855,0.037037037037037035
0.628782784129119,0.42857142857142855,0.1111111111111111
0.32548755884330866,0.47619047619047616,0.0
0.2885003362474782,0.38095238095238093,0.037037037037037035
0.6701412239408204,0.7857142857142857,0.0
0.800605245460659,0.35714285714285715,0.0
0.4340954942837929,0.3333333333333333,0.1111111111111111
0.6647612642905179,0.2857142857142857,0.037037037037037035
0.6170141223940822,0.5952380952380952,0.037037037037037035
0.5339609952925354,0.40476190476190477,0.037037037037037035
0.632817753866846,0.35714285714285715,0.1111111111111111
0.7367182246133155,0.38095238095238093,0.0
0.5995292535305985,0.3333333333333333,0.037037037037037035
0.7239408204438468,0.5952380952380952,0.0
0.5702757229320781,0.38095238095238093,0.1111111111111111
0.2945527908540686,0.3333333333333333,0.037037037037037035
0.40685944855413586,0.5714285714285714,0.037037037037037035
0.6153328850033626,0.30952380952380953,0.037037037037037035
0.5245460659045057,0.6666666666666666,0.07407407407407407
0.45225285810356425,0.8809523809523809,0.0
0.4458641560188299,0.35714285714285715,0.0
0.684263618022865,0.23809523809523808,0.1111111111111111
0.5026899798251513,0.30952380952380953,0.037037037037037035
0.25924680564895763,0.5,0.0
0.3026227303295225,0.5952380952380952,0.1111111111111111
0.19233355749831876,0.42857142857142855,0.0
0.7101546738399462,0.5,0.037037037037037035
0.8012777404169469,0.5714285714285714,0.0
0.1738399462004035,0.5,0.0
0.2094821788836584,0.5952380952380952,0.037037037037037035
0.3826496301277741,0.5,0.0
0.2787491593813046,0.3333333333333333,0.0
0.5480833893745798,0.40476190476190477,0.07407407407407407
0.28345662407531946,0.38095238095238093,0.0
0.2145258910558171,0.7380952380952381,0.0
0.6893073301950235,0.40476190476190477,0.07407407407407407
0.6005379959650303,0.30952380952380953,0.0
0.4673839946200404,0.5238095238095238,0.0
0.4616677874915939,0.6428571428571429,0.0
0.3463349024882314,0.21428571428571427,0.037037037037037035
0.46435776731674516,0.8095238095238095,0.0
0.7572293207800942,0.5952380952380952,0.037037037037037035
0.6587088096839274,0.23809523809523808,0.037037037037037035
0.3470073974445192,0.5714285714285714,0.0
0.10659045057162071,0.5952380952380952,0.0
0.16543375924680565,0.30952380952380953,0.037037037037037035
0.28917283120376597,0.2619047619047619,0.07407407407407407
0.48991257565568264,0.40476190476190477,0.0
0.21284465366509753,0.35714285714285715,0.0
0.625084061869536,0.40476190476190477,0.07407407407407407
0.7020847343644923,0.2857142857142857,0.0
0.40854068594485543,0.2619047619047619,0.037037037037037035
0.6499663752521856,0.3333333333333333,0.037037037037037035
0.5023537323470074,0.35714285714285715,0.0
0.4855413584398117,0.5238095238095238,0.0
0.2948890383322125,0.5714285714285714,0.037037037037037035
0.15736381977135172,0.5476190476190477,0.0
0.0242098184263618,0.8571428571428571,0.18518518518518517
0.660390047074647,0.35714285714285715,0.0
0.7262945527908542,0.40476190476190477,0.07407407407407407
0.48991257565568264,0.38095238095238093,0.07407407407407407
0.46940147948890387,0.3333333333333333,0.037037037037037035
0.3090114324142569,0.38095238095238093,0.1111111111111111
0.6102891728312038,0.5,0.0
0.6815736381977135,0.4523809523809524,0.0
0.7575655682582382,0.35714285714285715,0.0
0.5406859448554135,0.4523809523809524,0.037037037037037035
0.7505043712172159,0.5238095238095238,0.0
0.6869535978480161,0.42857142857142855,0.1111111111111111
0.2336919973100202,0.3333333333333333,0.0
0.46906523201075995,0.4523809523809524,0.0
0.9892400806993948,0.2619047619047619,0.07407407407407407
0.2562205783456624,0.30952380952380953,0.0
0.5746469401479489,0.38095238095238093,0.0
0.7542030934767989,0.5,0.0
0.66408876933423,0.42857142857142855,0.0
0.6338264963012779,0.42857142857142855,0.0
0.004371217215870881,0.2619047619047619,0.037037037037037035
0.6156691324815063,0.5,0.0
0.4983187626092805,0.2857142857142857,0.07407407407407407
0.7030934767989241,0.40476190476190477,0.037037037037037035
0.796906523201076,0.4523809523809524,0.037037037037037035
0.2199058507061197,0.6904761904761905,0.0
0.4388029589778077,0.3333333333333333,0.0
0.4367854741089442,0.6190476190476191,0.07407407407407407
0.3705447209145932,0.5952380952380952,0.18518518518518517
0.6082716879623403,0.5,0.07407407407407407
0.26160053799596505,0.2619047619047619,0.0
0.50773369199731,0.2857142857142857,0.07407407407407407
0.7575655682582382,0.5,0.0
0.4815063887020848,0.30952380952380953,0.037037037037037035
0.5884330867518494,0.3333333333333333,0.037037037037037035
0.16408876933423,0.5476190476190477,0.0
0.2659717552118359,0.6428571428571429,0.037037037037037035
0.5843981170141224,0.42857142857142855,0.0
0.4334229993275051,0.7380952380952381,0.037037037037037035
0.22965702757229323,0.47619047619047616,0.037037037037037035
0.4616677874915939,0.4523809523809524,0.0
0.3295225285810357,0.40476190476190477,0.037037037037037035
0.8056489576328179,0.5952380952380952,0.07407407407407407
0.6028917283120376,0.5,0.037037037037037035
0.4700739744451917,0.38095238095238093,0.0
0.8019502353732348,0.30952380952380953,0.037037037037037035
0.18258238063214527,0.30952380952380953,0.037037037037037035
0.5803631472763955,0.42857142857142855,0.1111111111111111
0.5494283792871554,0.23809523809523808,0.0
0.32212508406186957,0.7857142857142857,0.037037037037037035
0.7821116341627439,0.3333333333333333,0.0
0.34229993275050435,0.5476190476190477,0.0
0.23772696704774715,0.38095238095238093,0.07407407407407407
0.5292535305985205,0.40476190476190477,0.037037037037037035
0.31708137188971086,0.35714285714285715,0.0
0.5184936112979153,0.5238095238095238,0.0
0.5591795561533288,0.42857142857142855,0.07407407407407407
0.382985877605918,0.21428571428571427,0.1111111111111111
0.7676529926025555,0.5,0.07407407407407407
0.6183591123066577,0.2857142857142857,0.037037037037037035
0.11903160726294554,0.42857142857142855,0.037037037037037035
0.5558170813718898,0.23809523809523808,0.1111111111111111
0.5702757229320781,0.30952380952380953,0.037037037037037035
0.6381977135171487,0.30952380952380953,0.037037037037037035
0.6657700067249496,0.23809523809523808,0.037037037037037035
0.6348352387357095,0.42857142857142855,0.07407407407407407
0.4098856758574311,0.2857142857142857,0.0
0.23604572965702758,0.23809523809523808,0.0
0.33658372562205785,0.3333333333333333,0.037037037037037035
0.7091459314055145,0.35714285714285715,0.037037037037037035
0.4320780094149294,0.30952380952380953,0.037037037037037035
0.6244115669132482,0.23809523809523808,0.07407407407407407
0.6630800268997983,0.5476190476190477,0.0
0.8386012104909214,0.35714285714285715,0.037037037037037035
0.33355749831876264,0.42857142857142855,0.0
0.2895090786819099,0.38095238095238093,0.037037037037037035
0.05312710154673841,0.35714285714285715,0.1111111111111111
0.07027572293207801,0.40476190476190477,0.037037037037037035
0.21149966375252185,0.5952380952380952,0.0
0.11600537995965031,0.8333333333333334,0.037037037037037035
0.6691324815063887,0.23809523809523808,0.0
0.3823133826496301,0.47619047619047616,0.0
0.5951580363147276,0.6666666666666666,0.037037037037037035
0.3567585743106927,0.5,0.037037037037037035
0.5823806321452589,0.5238095238095238,0.07407407407407407
0.7373907195696032,0.4523809523809524,0.0
0.5921318090114325,0.5476190476190477,0.0
0.7568930733019503,0.38095238095238093,0.037037037037037035
0.8069939475453934,0.35714285714285715,0.0
0.6028917283120376,0.47619047619047616,0.0
0.05985205110961668,0.8333333333333334,0.0
0.5067249495628783,0.40476190476190477,0.0
0.6429051782111634,0.7142857142857143,0.18518518518518517
0.3799596503026228,0.5476190476190477,0.0
0.7125084061869537,0.35714285714285715,0.07407407407407407
0.8174176193678547,0.4523809523809524,0.037037037037037035
0.6466039004707466,0.5,0.037037037037037035
0.17417619367854742,0.7619047619047619,0.1111111111111111
0.6112979152656355,0.2857142857142857,0.037037037037037035
0.449226630800269,0.7857142857142857,0.037037037037037035
0.7471418964357768,0.3333333333333333,0.07407407407407407
0.46940147948890387,0.2619047619047619,0.1111111111111111
0.36718224613315403,0.6666666666666666,0.037037037037037035
0.3661735036987223,0.3333333333333333,0.037037037037037035
0.7336919973100202,0.3333333333333333,0.0
0.5359784801613988,0.38095238095238093,0.07407407407407407
0.7639542703429725,0.23809523809523808,0.037037037037037035
0.5645595158036315,0.30952380952380953,0.037037037037037035
0.773705447209146,0.7380952380952381,0.07407407407407407
0.36718224613315403,0.2619047619047619,0.0
0.4707464694014795,0.38095238095238093,0.0
0.535305985205111,0.2619047619047619,0.0
0.523537323470074,0.30952380952380953,0.0
0.14189643577673167,0.2619047619047619,0.037037037037037035
0.27067921990585075,0.7142857142857143,0.0
0.6069266980497647,0.5952380952380952,0.037037037037037035
0.332212508406187,0.40476190476190477,0.07407407407407407
0.5860793544048419,0.2857142857142857,0.0
0.632481506388702,0.5,0.037037037037037035
0.2948890383322125,0.6190476190476191,0.07407407407407407
0.7222595830531272,0.47619047619047616,0.037037037037037035
0.2871553463349025,0.5952380952380952,0.18518518518518517
0.2720242098184264,0.3333333333333333,0.0
0.20107599193006054,0.42857142857142855,0.0
0.1304640215198386,0.35714285714285715,0.037037037037037035
0.2098184263618023,0.5238095238095238,0.07407407407407407
0.35776731674512446,0.6904761904761905,0.0
0.39576328177538667,0.5476190476190477,0.037037037037037035
0.26563550773369204,0.6190476190476191,0.037037037037037035
0.808338937457969,0.23809523809523808,0.037037037037037035
0.6667787491593813,0.7619047619047619,0.037037037037037035
0.43544048419636855,0.23809523809523808,0.1111111111111111
0.2333557498318763,0.23809523809523808,0.0
0.16946872898453264,0.5476190476190477,0.0
0.8328850033624748,0.2857142857142857,0.0
0.24949562878278414,0.30952380952380953,0.037037037037037035
0.17955615332885003,0.30952380952380953,0.1111111111111111
0.722932078009415,0.23809523809523808,0.0
0.44250168123739075,0.2857142857142857,0.1111111111111111
0.15870880968392737,0.3333333333333333,0.0
0.8338937457969066,0.38095238095238093,0.037037037037037035
0.6593813046402152,0.30952380952380953,0.0
0.257901815736382,0.23809523809523808,0.0
0.2639542703429724,0.5238095238095238,0.037037037037037035
0.5467383994620041,0.2619047619047619,0.0
0.5928043039677202,0.5,0.0
0.7915265635507733,0.42857142857142855,0.1111111111111111
0.3328850033624748,0.23809523809523808,0.07407407407407407
0.26630800268997984,0.47619047619047616,0.037037037037037035
0.18796234028244788,0.23809523809523808,0.037037037037037035
0.17753866845998656,0.5238095238095238,0.1111111111111111
0.5084061869535978,0.2619047619047619,0.037037037037037035
0.33490248823133834,0.5476190476190477,0.0
0.687626092804304,0.38095238095238093,0.0
0.64862138533961,0.2857142857142857,0.1111111111111111
0.44182918628110296,0.4523809523809524,0.037037037037037035
0.5736381977135171,0.7857142857142857,0.1111111111111111
0.691324815063887,0.30952380952380953,0.07407407407407407
0.7552118359112308,0.5238095238095238,0.0
0.6378614660390047,0.3333333333333333,0.0
0.7592468056489576,0.5,0.1111111111111111
0.48991257565568264,0.6904761904761905,0.0
0.7686617350369872,0.35714285714285715,0.0
0.5114324142568931,0.5476190476190477,0.037037037037037035
0.226630800268998,0.21428571428571427,0.0
0.12609280430396771,0.35714285714285715,0.037037037037037035
0.3809683927370545,0.2857142857142857,0.0
0.4539340954942838,0.5238095238095238,0.0
0.316408876933423,0.30952380952380953,0.0
0.17585743106926702,0.8095238095238095,0.0
0.6724949562878278,0.5238095238095238,0.07407407407407407
0.6866173503698724,0.5714285714285714,0.0
0.1664425016812374,0.3333333333333333,0.0
0.5181573638197714,0.6190476190476191,0.0
0.45124411566913253,0.35714285714285715,0.07407407407407407
0.6079354404841963,0.6666666666666666,0.0
0.04774714189643578,0.6190476190476191,0.0
0.6059179556153329,0.7619047619047619,0.0
0.2340282447881641,0.5476190476190477,0.0
0.3860121049092132,0.4523809523809524,0.07407407407407407
0.02118359112306658,0.38095238095238093,0.037037037037037035
0.40887693342299936,0.5,0.0
0.5716207128446537,0.42857142857142855,0.1111111111111111
0.3026227303295225,0.30952380952380953,0.1111111111111111
0.0026899798251513118,0.5952380952380952,0.2222222222222222
0.13920645595158035,0.6666666666666666,0.07407407407407407
0.15601882985877605,0.8571428571428571,0.0
0.49562878278412914,0.5476190476190477,0.07407407407407407
0.5561533288500337,0.5,0.0
0.8389374579690653,0.40476190476190477,0.0
0.5453934095494284,0.6190476190476191,0.0
0.44620040349697376,0.30952380952380953,0.07407407407407407
0.3618022864828514,0.2619047619047619,0.0
0.2925353059852051,0.35714285714285715,0.0
0.43544048419636855,0.5952380952380952,0.0
0.7794216543375925,0.5476190476190477,0.0
0.4189643577673168,0.7380952380952381,0.037037037037037035
0.19132481506388704,0.5,0.037037037037037035
0.7979152656355077,0.35714285714285715,0.07407407407407407
0.27437794216543376,0.38095238095238093,0.07407407407407407
0.6385339609952925,0.4523809523809524,0.037037037037037035
0.3486886348352387,0.7142857142857143,0.0
0.7454606590450572,0.6666666666666666,0.0
0.6973772696704774,0.7619047619047619,0.07407407407407407
0.37457969065232016,0.35714285714285715,0.07407407407407407
0.2965702757229321,0.5,0.0
0.2989240080699395,0.5476190476190477,0.07407407407407407
0.7817753866845999,0.38095238095238093,0.1111111111111111
0.10087424344317418,0.7142857142857143,0.0
0.6190316072629456,0.5952380952380952,0.1111111111111111
0.7091459314055145,0.35714285714285715,0.037037037037037035
0.4448554135843982,0.6190476190476191,0.07407407407407407
0.09314055144586417,0.6904761904761905,0.0
0.12575655682582382,0.5,0.07407407407407407
0.40820443846671156,0.6904761904761905,0.0
0.8184263618022866,0.5476190476190477,0.07407407407407407
0.605245460659045,0.5714285714285714,0.037037037037037035
0.45830531271015473,0.6904761904761905,0.1111111111111111
0.020174848688634835,0.42857142857142855,0.0
0.6889710827168796,0.4523809523809524,0.037037037037037035
0.3201075991930061,0.47619047619047616,0.0
0.7330195023537324,0.2857142857142857,0.037037037037037035
0.46503026227303296,0.35714285714285715,0.037037037037037035
0.21183591123066578,0.5952380952380952,0.037037037037037035
0.12205783456624075,0.2619047619047619,0.07407407407407407
0.21587088096839274,0.2857142857142857,0.0
0.3446536650975118,0.40476190476190477,0.0
0.1398789509078682,0.30952380952380953,0.037037037037037035
0.6862811028917284,0.5714285714285714,0.037037037037037035
0.7871553463349026,0.30952380952380953,0.0
0.6126429051782112,0.4523809523809524,0.037037037037037035
0.39105581708137194,0.38095238095238093,0.1111111111111111
0.1035642232683255,0.2857142857142857,0.037037037037037035
0.3994620040349698,0.5,0.037037037037037035
0.8275050437121722,0.30952380952380953,0.1111111111111111
0.2676529926025555,0.7142857142857143,0.0
0.4841963685272361,0.5,0.037037037037037035
0.6489576328177539,0.40476190476190477,0.0
0.22898453261600538,0.38095238095238093,0.0
0.6819098856758575,0.5,0.037037037037037035
0.2716879623402825,0.47619047619047616,0.037037037037037035
0.09751176866173504,0.5238095238095238,0.037037037037037035
0.35608607935440484,0.42857142857142855,0.0
0.3597848016139879,0.6428571428571429,0.0
0.695359784801614,0.5,0.037037037037037035
0.5891055817081372,0.5238095238095238,0.0
0.47881640887693344,0.42857142857142855,0.0
0.48184263618022866,0.30952380952380953,0.037037037037037035
0.5988567585743106,0.5714285714285714,0.07407407407407407
0.8386012104909214,0.5476190476190477,0.0
0.2145258910558171,0.6428571428571429,0.0
0.5073974445191661,0.2619047619047619,0.0
0.535642232683255,0.6904761904761905,0.0
0.480497646267653,0.23809523809523808,0.0
0.45494283792871554,0.35714285714285715,0.1111111111111111
0.0554808338937458,0.30952380952380953,0.0
0.3550773369199731,0.35714285714285715,0.0
0.41089441829186285,0.4523809523809524,0.037037037037037035
0.7353732347007398,0.38095238095238093,0.07407407407407407
0.22595830531271016,0.42857142857142855,0.1111111111111111
0.20847343644922664,0.38095238095238093,0.07407407407407407
0.3083389374579691,0.6904761904761905,0.07407407407407407
0.5796906523201075,0.40476190476190477,0.0
0.13887020847343645,0.8809523809523809,0.0
0.6455951580363147,0.6666666666666666,0.0
0.6129791526563552,0.5476190476190477,0.07407407407407407
0.42837928715534634,0.5238095238095238,0.0
0.5060524546065905,0.5714285714285714,0.0
0.5840618695359785,0.7380952380952381,0.18518518518518517
0.37592468056489575,0.5714285714285714,0.07407407407407407
0.05413584398117015,0.5952380952380952,0.14814814814814814
0.5598520511096167,0.38095238095238093,0.1111111111111111
0.5164761264290518,0.30952380952380953,0.037037037037037035
0.8355749831876261,0.5,0.1111111111111111
0.12273032952252859,0.5,0.0
0.3278412911903161,0.47619047619047616,0.037037037037037035
0.2632817753866846,0.21428571428571427,0.0
0.715198386012105,0.5238095238095238,0.0
0.769334229993275,0.5476190476190477,0.037037037037037035
0.8291862811028918,0.5,0.0
0.5860793544048419,0.5952380952380952,0.0
0.5490921318090114,0.2619047619047619,0.037037037037037035
0.7373907195696032,0.21428571428571427,0.0
0.4229993275050437,0.3333333333333333,0.07407407407407407
0.8238063214525891,0.8095238095238095,0.0
0.769334229993275,0.5714285714285714,0.0
0.5100874243443174,0.5952380952380952,0.037037037037037035
0.03160726294552791,0.8571428571428571,0.037037037037037035
0.3090114324142569,0.2857142857142857,0.0
0.5262273032952254,0.21428571428571427,0.0
0.20813718897108274,0.6190476190476191,0.0
0.4546065904505716,0.21428571428571427,0.0
0.7310020174848688,0.3333333333333333,0.0
0.5447209145931405,0.2619047619047619,0.037037037037037035
0.6893073301950235,0.30952380952380953,0.037037037037037035
0.4028244788164089,0.2857142857142857,0.037037037037037035
0.4502353732347008,0.38095238095238093,0.07407407407407407
0.07531943510423673,0.6190476190476191,0.1111111111111111
0.3382649630127774,0.5952380952380952,0.0
0.46301277740416946,0.5714285714285714,0.037037037037037035
0.7885003362474782,0.4523809523809524,0.037037037037037035
0.6170141223940822,0.42857142857142855,0.0
0.4428379287155347,0.6666666666666666,0.0
0.14828513786146605,0.6904761904761905,0.0
0.5033624747814391,0.21428571428571427,0.037037037037037035
0.6650975117686618,0.3333333333333333,0.0
0.4498991257565569,0.42857142857142855,0.037037037037037035
0.5944855413584398,0.38095238095238093,0.037037037037037035
0.593813046402152,0.6190476190476191,0.0
0.12710154673839946,0.7142857142857143,0.0
0.5151311365164761,0.30952380952380953,0.1111111111111111
0.46940147948890387,0.38095238095238093,0.0
0.7262945527908542,0.23809523809523808,0.0
0.6355077336919973,0.47619047619047616,0.0
0.980161398789509,0.6428571428571429,0.037037037037037035
0.30060524546065903,0.21428571428571427,0.0
0.4872225958305313,0.35714285714285715,0.07407407407407407
0.24949562878278414,0.4523809523809524,0.1111111111111111
0.6180228648285138,0.5,0.037037037037037035
0.3628110289172831,0.42857142857142855,0.07407407407407407
0.37020847343644925,0.5476190476190477,0.0
0.824478816408877,0.21428571428571427,0.037037037037037035
0.5188298587760592,0.3333333333333333,0.0
0.2673167451244116,0.5952380952380952,0.0
0.32078009414929387,0.5476190476190477,0.0
0.19233355749831876,0.2857142857142857,0.037037037037037035
0.4902488231338265,0.3333333333333333,0.0
0.535642232683255,0.35714285714285715,0.0
0.40753194351042366,0.4523809523809524,0.0
0.4858776059179556,0.2619047619047619,0.0
0.49092131809011436,0.3333333333333333,0.037037037037037035
0.49361129791526565,0.3333333333333333,0.0
0.6432414256893073,0.23809523809523808,0.1111111111111111
0.48184263618022866,0.5238095238095238,0.0
0.44048419636852726,0.21428571428571427,0.0
0.4270342972427707,0.5714285714285714,0.037037037037037035
0.7296570275722932,0.4523809523809524,0.0
0.597511768661735,0.2857142857142857,0.1111111111111111
0.27639542703429726,0.38095238095238093,0.037037037037037035
0.3473436449226631,0.23809523809523808,0.037037037037037035
0.28513786146603903,0.6428571428571429,0.07407407407407407
0.43443174176193683,0.5238095238095238,0.0
0.17821116341627438,0.35714285714285715,0.0
0.007397444519166106,0.7857142857142857,0.1111111111111111
0.6398789509078683,0.5476190476190477,0.037037037037037035
0.4351042367182246,0.2857142857142857,0.07407407407407407
0.7427706792199059,0.2857142857142857,0.07407407407407407
0.48184263618022866,0.30952380952380953,0.0
0.30598520511096167,0.5476190476190477,0.07407407407407407
0.5954942837928716,0.35714285714285715,0.0
0.2948890383322125,0.30952380952380953,0.0
0.6866173503698724,0.35714285714285715,0.0
0.8056489576328179,0.4523809523809524,0.037037037037037035
0.4902488231338265,0.4523809523809524,0.037037037037037035
0.6536650975117687,0.21428571428571427,0.07407407407407407
0.2720242098184264,0.5238095238095238,0.0
0.22494956287827844,0.4523809523809524,0.0
0.24882313382649632,0.38095238095238093,0.037037037037037035
0.25184936112979156,0.3333333333333333,0.037037037037037035
0.5319435104236718,0.2619047619047619,0.0
0.4377942165433759,0.40476190476190477,0.1111111111111111
0.6738399462004036,0.38095238095238093,0.037037037037037035
0.5319435104236718,0.30952380952380953,0.037037037037037035
0.7535305985205112,0.23809523809523808,0.037037037037037035
0.5262273032952254,0.2857142857142857,0.07407407407407407
0.22125084061869538,0.42857142857142855,0.07407407407407407
0.19838601210490925,0.6428571428571429,0.0
0.5245460659045057,0.47619047619047616,0.0
0.1926698049764627,0.7619047619047619,0.0
0.3194351042367182,0.6904761904761905,0.1111111111111111
0.5847343644922663,0.47619047619047616,0.037037037037037035
0.45225285810356425,0.35714285714285715,0.0
0.5477471418964358,0.23809523809523808,0.07407407407407407
0.4892400806993948,0.2857142857142857,0.07407407407407407
0.4646940147948891,0.30952380952380953,0.0
0.5255548083389375,0.42857142857142855,0.0
0.4361129791526564,0.2857142857142857,0.037037037037037035
0.7383994620040351,0.47619047619047616,0.037037037037037035
0.47310020174848694,0.40476190476190477,0.0
0.2790854068594486,0.3333333333333333,0.0
0.7649630127774042,0.2857142857142857,0.0
0.7182246133154001,0.2857142857142857,0.0
0.16711499663752521,0.21428571428571427,0.0
0.20813718897108274,0.23809523809523808,0.0
0.3853396099529254,0.47619047619047616,0.0
0.44821788836583726,0.5238095238095238,0.0
0.3675184936112979,0.5952380952380952,0.0
0.3668459986550101,0.5476190476190477,0.0
0.4273705447209146,0.30952380952380953,0.1111111111111111
0.45427034297242774,0.5714285714285714,0.037037037037037035
0.7451244115669133,0.2619047619047619,0.037037037037037035
0.39509078681909887,0.35714285714285715,0.0
0.4001344989912576,0.2857142857142857,0.1111111111111111
0.4149293880295898,0.5476190476190477,0.037037037037037035
0.7397444519166106,0.2619047619047619,0.1111111111111111
0.4004707464694015,0.5714285714285714,0.037037037037037035
0.5635507733691998,0.2857142857142857,0.0
0.23839946200403497,0.23809523809523808,0.037037037037037035
0.6183591123066577,0.2857142857142857,0.037037037037037035
0.8022864828513786,0.42857142857142855,0.037037037037037035
0.5672494956287828,0.42857142857142855,0.0
0.3823133826496301,0.6190476190476191,0.0
0.496301277740417,0.21428571428571427,0.037037037037037035
0.6106254203093477,0.23809523809523808,0.037037037037037035
0.45864156018829866,0.7619047619047619,0.07407407407407407
0.10423671822461332,0.23809523809523808,0.1111111111111111
0.6977135171486214,0.2619047619047619,0.0
0.3301950235373235,0.6904761904761905,0.037037037037037035
0.3308675184936113,0.3333333333333333,0.0
0.5151311365164761,0.38095238095238093,0.0
0.6193678547410896,0.5952380952380952,0.0
0.2508406186953598,0.3333333333333333,0.0
0.7669804976462676,0.3333333333333333,0.037037037037037035
0.3860121049092132,0.21428571428571427,0.1111111111111111
0.3285137861466039,0.2619047619047619,0.1111111111111111
0.4273705447209146,0.5476190476190477,0.0
0.7881640887693343,0.47619047619047616,0.037037037037037035
0.6496301277740417,0.35714285714285715,0.037037037037037035
0.4196368527236046,0.35714285714285715,0.037037037037037035
0.47209145931405516,0.3333333333333333,0.037037037037037035
0.2928715534633491,0.40476190476190477,0.0
0.5440484196368528,0.40476190476190477,0.0
0.2747141896435777,0.42857142857142855,0.07407407407407407
0.028581035642232685,0.7857142857142857,0.0
0.5295897780766644,0.21428571428571427,0.0
0.4317417619367855,0.4523809523809524,0.037037037037037035
0.38971082716879624,0.5,0.07407407407407407
0.4428379287155347,0.40476190476190477,0.07407407407407407
0.5921318090114325,0.5,0.0
0.7542030934767989,0.30952380952380953,0.07407407407407407
0.632481506388702,0.30952380952380953,0.0
0.0,0.6904761904761905,0.1111111111111111
0.4438466711499664,0.35714285714285715,0.1111111111111111
0.1442501681237391,0.7380952380952381,0.07407407407407407
0.31741761936785473,0.6190476190476191,0.037037037037037035
0.36516476126429054,0.40476190476190477,0.07407407407407407
0.33893745796906527,0.6190476190476191,0.0
0.339946200403497,0.21428571428571427,0.037037037037037035
0.47713517148621387,0.6428571428571429,0.07407407407407407
0.48991257565568264,0.21428571428571427,0.037037037037037035
0.49495628782784135,0.3333333333333333,0.0
0.5696032279757902,0.6904761904761905,0.0
0.44048419636852726,0.35714285714285715,0.037037037037037035
0.3618022864828514,0.6190476190476191,0.0
0.6701412239408204,0.23809523809523808,0.0
0.08910558170813719,0.5952380952380952,0.0
0.7162071284465367,0.3333333333333333,0.0
0.4778076664425017,0.47619047619047616,0.0
0.1882985877605918,0.5714285714285714,0.07407407407407407
0.5796906523201075,0.42857142857142855,0.0
0.8147276395427034,0.35714285714285715,0.037037037037037035
0.3530598520511096,0.35714285714285715,0.0
0.2219233355749832,0.2857142857142857,0.07407407407407407
0.30800268997982516,0.21428571428571427,0.07407407407407407
0.640551445864156,0.23809523809523808,0.0
0.38971082716879624,0.42857142857142855,0.037037037037037035
0.24579690652320108,0.4523809523809524,0.07407407407407407
0.5312710154673841,0.30952380952380953,0.07407407407407407
0.5020174848688636,0.47619047619047616,0.07407407407407407
0.6772024209818427,0.47619047619047616,0.0
0.7273032952252858,0.5952380952380952,0.0
0.4270342972427707,0.30952380952380953,0.0
0.6190316072629456,0.23809523809523808,0.07407407407407407
0.6442501681237391,0.21428571428571427,0.037037037037037035
0.027908540685944856,0.9047619047619048,0.037037037037037035
0.30699394754539344,0.6666666666666666,0.037037037037037035
0.4398117014122394,0.40476190476190477,0.07407407407407407
0.5440484196368528,0.5476190476190477,0.1111111111111111
0.4973100201748487,0.4523809523809524,0.0
0.5245460659045057,0.7380952380952381,0.037037037037037035
0.4875588433086752,0.30952380952380953,0.1111111111111111
0.5806993947545394,0.40476190476190477,0.1111111111111111
0.15938130464021522,0.5,0.0
0.4196368527236046,0.5476190476190477,0.0
0.5884330867518494,0.38095238095238093,0.0
0.32380632145258914,0.35714285714285715,0.037037037037037035
0.4498991257565569,0.2857142857142857,0.07407407407407407
0.7992602555480834,0.35714285714285715,0.037037037037037035
0.2975790181573638,0.38095238095238093,0.0
0.14895763281775387,0.3333333333333333,0.037037037037037035
0.3991257565568258,0.5,0.037037037037037035
0.3103564223268326,0.7380952380952381,0.07407407407407407
0.2814391392064559,0.3333333333333333,0.1111111111111111
0.2989240080699395,0.21428571428571427,0.1111111111111111
0.7918628110289173,0.4523809523809524,0.0
0.6822461331540014,0.6666666666666666,0.0
0.1661062542030935,0.35714285714285715,0.1111111111111111
0.8298587760591796,0.30952380952380953,0.0
0.684263618022865,0.5714285714285714,0.0
0.4132481506388702,0.7619047619047619,0.07407407407407407
0.21183591123066578,0.6904761904761905,0.037037037037037035
0.0965030262273033,0.7857142857142857,0.0
0.6119704102219233,0.3333333333333333,0.0
0.35440484196368527,0.47619047619047616,0.037037037037037035
0.5063887020847344,0.5238095238095238,0.0
0.5188298587760592,0.40476190476190477,0.0
0.2797579018157364,0.5238095238095238,0.037037037037037035
0.7703429724277069,0.3333333333333333,0.0
0.35743106926698054,0.2857142857142857,0.0
0.269670477471419,0.5714285714285714,0.037037037037037035
0.31271015467384,0.35714285714285715,0.037037037037037035
0.6281102891728312,0.42857142857142855,0.1111111111111111
0.6344989912575656,0.21428571428571427,0.037037037037037035
0.3675184936112979,0.42857142857142855,0.07407407407407407
0.6227303295225286,0.4523809523809524,0.0
0.5208473436449227,0.5238095238095238,0.037037037037037035
0.49159381304640215,0.23809523809523808,0.037037037037037035
0.7441156691324815,0.5714285714285714,0.037037037037037035
0.7605917955615333,0.6190476190476191,0.0
0.35810356422326833,0.47619047619047616,0.0
0.31708137188971086,0.5,0.037037037037037035
0.44821788836583726,0.5476190476190477,0.1111111111111111
0.6294552790854069,0.4523809523809524,0.0
0.410221923335575,0.6904761904761905,0.07407407407407407
0.43813046402151984,0.38095238095238093,0.07407407407407407
0.7242770679219906,0.6190476190476191,0.14814814814814814
0.3550773369199731,0.7857142857142857,0.0
0.21284465366509753,0.3333333333333333,0.0
0.331876260928043,0.2619047619047619,0.07407407407407407
0.7387357094821789,0.42857142857142855,0.037037037037037035
0.5776731674512441,0.5476190476190477,0.037037037037037035
0.7622730329522529,0.40476190476190477,0.0
0.5131136516476127,0.4523809523809524,0.1111111111111111
0.597848016139879,0.47619047619047616,0.07407407407407407
0.2649630127774042,0.47619047619047616,0.037037037037037035
0.06321452589105582,0.8333333333333334,0.037037037037037035
0.3624747814391392,0.6666666666666666,0.1111111111111111
0.38937457969065237,0.5714285714285714,0.07407407407407407
0.3154001344989913,0.5,0.0
0.01916610625420309,0.3333333333333333,0.037037037037037035
0.3032952252858104,0.30952380952380953,0.037037037037037035
0.6408876933422999,0.6904761904761905,0.18518518518518517
0.4841963685272361,0.5,0.07407407407407407
0.43745796906523204,0.2619047619047619,0.1111111111111111
0.734700739744452,0.5714285714285714,0.037037037037037035
0.3698722259583053,0.2619047619047619,0.037037037037037035
0.7158708809683928,0.40476190476190477,0.0
0.5087424344317418,0.5,0.0
0.5944855413584398,0.30952380952380953,0.0
0.5884330867518494,0.3333333333333333,0.037037037037037035
0.38029589778076667,0.23809523809523808,0.037037037037037035
0.28312037659717554,0.3333333333333333,0.0
0.4229993275050437,0.6904761904761905,0.0
0.05211835911230666,0.5952380952380952,0.1111111111111111
0.5114324142568931,0.42857142857142855,0.0
0.3856758574310693,0.42857142857142855,0.0
0.7726967047747142,0.2619047619047619,0.0
0.29051782111634167,0.4523809523809524,0.0
0.47612642905178215,0.6190476190476191,0.1111111111111111
0.5053799596503026,0.5952380952380952,0.0
0.5326160053799597,0.21428571428571427,0.0
0.5659045057162071,0.3333333333333333,0.07407407407407407
0.08439811701412239,0.38095238095238093,0.037037037037037035
0.4932750504371217,0.30952380952380953,0.0
0.6112979152656355,0.3333333333333333,0.0
0.6126429051782112,0.38095238095238093,0.037037037037037035
0.1516476126429052,0.5952380952380952,0.0
0.7817753866845999,0.5,0.1111111111111111
0.5225285810356423,0.4523809523809524,0.037037037037037035
0.543039677202421,0.23809523809523808,0.07407407407407407
0.3994620040349698,0.7619047619047619,0.1111111111111111
0.6617350369872226,0.4523809523809524,0.0
0.2094821788836584,0.6428571428571429,0.037037037037037035
0.7434431741761937,0.3333333333333333,0.0
0.21385339609952927,0.5476190476190477,0.07407407407407407
0.3873570948217888,0.47619047619047616,0.1111111111111111
0.7041022192333558,0.5238095238095238,0.0
0.4152656355077337,0.6428571428571429,0.0
0.45998655010087425,0.47619047619047616,0.1111111111111111
0.6866173503698724,0.35714285714285715,0.07407407407407407
0.0773369199731002,0.35714285714285715,0.037037037037037035
0.7417619367854741,0.2619047619047619,0.037037037037037035
0.3873570948217888,0.35714285714285715,0.037037037037037035
0.37424344317417624,0.21428571428571427,0.0
0.6308002689979826,0.21428571428571427,0.0
0.2273032952252858,0.2619047619047619,0.0
0.5729657027572294,0.5476190476190477,0.037037037037037035
0.6613987895090788,0.23809523809523808,0.037037037037037035
0.06287827841291191,0.47619047619047616,0.0
0.4576328177538668,0.2619047619047619,0.07407407407407407
0.7330195023537324,0.3333333333333333,0.0
0.48991257565568264,0.5238095238095238,0.0
0.523873570948218,0.2619047619047619,0.037037037037037035
0.37525218560860796,0.2619047619047619,0.037037037037037035
0.5057162071284466,0.5952380952380952,0.0
0.12104909213180902,0.4523809523809524,0.0
0.47175521183591124,0.23809523809523808,0.1111111111111111
0.3201075991930061,0.35714285714285715,0.0
0.5087424344317418,0.5,0.1111111111111111
0.18392737054472091,0.5952380952380952,0.0
0.19098856758574312,0.3333333333333333,0.037037037037037035
0.37289845326160054,0.2857142857142857,0.0
0.3621385339609953,0.6190476190476191,0.0
0.7014122394082044,0.47619047619047616,0.0
0.04169468728984533,0.5,0.07407407407407407
0.6375252185608609,0.35714285714285715,0.037037037037037035
0.6745124411566913,0.35714285714285715,0.037037037037037035
0.8170813718897109,0.35714285714285715,0.0
0.5709482178883659,0.35714285714285715,0.0
0.47410894418291866,0.38095238095238093,0.1111111111111111
0.6102891728312038,0.42857142857142855,0.037037037037037035
0.82044384667115,0.38095238095238093,0.037037037037037035
0.5416946872898454,0.38095238095238093,0.037037037037037035
0.6408876933422999,0.4523809523809524,0.07407407407407407
0.3823133826496301,0.5476190476190477,0.07407407407407407
0.6691324815063887,0.6428571428571429,0.14814814814814814
0.5050437121721587,0.4523809523809524,0.0
0.4616677874915939,0.30952380952380953,0.1111111111111111
0.6099529253530599,0.2857142857142857,0.1111111111111111
0.39576328177538667,0.5476190476190477,0.037037037037037035
0.6721587088096839,0.35714285714285715,0.0
0.8180901143241426,0.6190476190476191,0.07407407407407407
0.5716207128446537,0.6904761904761905,0.14814814814814814
0.16240753194351043,0.4523809523809524,0.0
0.31708137188971086,0.35714285714285715,0.07407407407407407
0.5191661062542031,0.3333333333333333,0.0
0.4357767316745125,0.5238095238095238,0.037037037037037035
0.8369199731002018,0.2619047619047619,0.037037037037037035
0.7521856086079355,0.5238095238095238,0.0
0.42501681237390726,0.5714285714285714,0.037037037037037035
0.8201075991930061,0.35714285714285715,0.07407407407407407
0.7155346334902489,0.47619047619047616,0.037037037037037035
0.3705447209145932,0.6428571428571429,0.1111111111111111
0.679892400806994,0.3333333333333333,0.037037037037037035
0.22326832548755884,0.5952380952380952,0.037037037037037035
0.37323470073974446,0.42857142857142855,0.0
0.23873570948217887,0.7857142857142857,0.0
0.5817081371889712,0.3333333333333333,0.07407407407407407
0.5336247478143914,0.38095238095238093,0.037037037037037035
0.5793544048419638,0.23809523809523808,0.037037037037037035
0.5867518493611298,0.21428571428571427,0.037037037037037035
0.5151311365164761,0.23809523809523808,0.07407407407407407
0.5178211163416275,0.40476190476190477,0.037037037037037035
0.3493611297915266,0.42857142857142855,0.0
0.16778749159381307,0.5476190476190477,0.0
0.7353732347007398,0.23809523809523808,0.07407407407407407
0.7343644922663081,0.35714285714285715,0.037037037037037035
0.6133154001344989,0.4523809523809524,0.037037037037037035
0.2676529926025555,0.40476190476190477,0.1111111111111111
0.82817753866846,0.2857142857142857,0.037037037037037035
0.7407531943510425,0.30952380952380953,0.0
0.4166106254203094,0.6666666666666666,0.0
0.6624075319435104,0.5476190476190477,0.07407407407407407
0.500336247478144,0.6190476190476191,0.14814814814814814
0.5305985205110961,0.30952380952380953,0.0
0.2710154673839946,0.23809523809523808,0.07407407407407407
0.1809011432414257,0.3333333333333333,0.037037037037037035
0.64862138533961,0.3333333333333333,0.037037037037037035
0.7908540685944856,0.4523809523809524,0.0
0.3631472763954271,0.8095238095238095,0.1111111111111111
0.7168796234028245,0.47619047619047616,0.0
0.2995965030262273,0.38095238095238093,0.0
0.09751176866173504,0.5,0.037037037037037035
0.4677202420981843,0.6666666666666666,0.037037037037037035
0.7064559515803632,0.21428571428571427,0.1111111111111111
0.7992602555480834,0.47619047619047616,0.0
0.15097511768661737,0.5,0.0
0.37121721587088097,0.35714285714285715,0.0
0.62542030934768,0.30952380952380953,0.1111111111111111
0.28917283120376597,0.5476190476190477,0.0
0.2878278412911903,0.7380952380952381,0.07407407407407407
0.7293207800941494,0.7380952380952381,0.07407407407407407
0.7750504371217216,0.47619047619047616,0.0
0.83591123066577,0.5238095238095238,0.0
0.6940147948890384,0.2857142857142857,0.037037037037037035
0.605245460659045,0.8095238095238095,0.0
0.3063214525891056,0.5952380952380952,0.0
0.2269670477471419,0.40476190476190477,0.0
0.47310020174848694,0.40476190476190477,0.0
0.37491593813046403,0.23809523809523808,0.037037037037037035
0.2582380632145259,0.7857142857142857,0.0
0.4932750504371217,0.6190476190476191,0.07407407407407407
0.2632817753866846,0.2857142857142857,0.0
0.22898453261600538,0.2857142857142857,0.0
0.6267652992602556,0.5,0.037037037037037035
0.8231338264963013,0.4523809523809524,0.0
0.35339609952925355,0.4523809523809524,0.07407407407407407
0.26664425016812376,0.2619047619047619,0.037037037037037035
0.34364492266308005,0.6428571428571429,0.037037037037037035
0.1735036987222596,0.6190476190476191,0.14814814814814814
0.82817753866846,0.5476190476190477,0.037037037037037035
0.5931405514458642,0.47619047619047616,0.07407407407407407
0.6893073301950235,0.5238095238095238,0.07407407407407407
0.5289172831203767,0.2619047619047619,0.037037037037037035
0.382985877605918,0.21428571428571427,0.0
0.27370544720914597,0.38095238095238093,0.07407407407407407
0.5201748486886348,0.3333333333333333,0.0
0.4428379287155347,0.5476190476190477,0.1111111111111111
0.24882313382649632,0.38095238095238093,0.07407407407407407
0.6519838601210491,0.6904761904761905,0.037037037037037035
0.15534633490248825,0.38095238095238093,0.0
0.707464694014795,0.2857142857142857,0.1111111111111111
0.44317417619367855,0.40476190476190477,0.037037037037037035
0.34162743779421656,0.7380952380952381,0.037037037037037035
0.5991930060524546,0.40476190476190477,0.037037037037037035
0.2985877605917956,0.3333333333333333,0.0
0.30497646267652995,0.30952380952380953,0.0
0.19636852723604573,0.6666666666666666,0.0
0.7898453261600538,0.30952380952380953,0.037037037037037035
0.6963685272360458,0.21428571428571427,0.037037037037037035
0.29926025554808344,0.5238095238095238,0.037037037037037035
0.7706792199058508,0.21428571428571427,0.037037037037037035
0.8217888365837257,0.5714285714285714,0.037037037037037035
0.5053799596503026,0.6428571428571429,0.0
0.26899798251513113,0.2857142857142857,0.1111111111111111
0.6667787491593813,0.23809523809523808,0.1111111111111111
0.2407531943510424,0.21428571428571427,0.037037037037037035
0.3352387357094822,0.21428571428571427,0.037037037037037035
0.28244788164088774,0.3333333333333333,0.07407407407407407
0.5988567585743106,0.6428571428571429,0.037037037037037035
0.30531271015467387,0.40476190476190477,0.037037037037037035
0.7481506388702085,0.35714285714285715,0.037037037037037035
0.11499663752521856,0.6428571428571429,0.0
0.5181573638197714,0.47619047619047616,0.0
0.34364492266308005,0.5714285714285714,0.037037037037037035
0.7999327505043712,0.42857142857142855,0.037037037037037035
0.47881640887693344,0.42857142857142855,0.0
0.543375924680565,0.35714285714285715,0.0
0.03059852051109617,0.7142857142857143,0.037037037037037035
0.7417619367854741,0.5238095238095238,0.0
0.3496973772696705,0.5952380952380952,0.0
0.42131809011432414,0.7619047619047619,0.0
0.4683927370544721,0.47619047619047616,0.037037037037037035
0.5887693342299933,0.35714285714285715,0.07407407407407407
0.37525218560860796,0.47619047619047616,0.0
0.5208473436449227,0.7142857142857143,0.0
0.3288500336247478,0.42857142857142855,0.0
0.4273705447209146,0.2857142857142857,0.0
0.4320780094149294,0.2857142857142857,0.037037037037037035
0.2511768661735037,0.5476190476190477,0.07407407407407407
0.5379959650302623,0.42857142857142855,0.07407407407407407
0.08406186953597848,0.7380952380952381,0.0
0.2760591795561534,0.2619047619047619,0.037037037037037035
0.20611970410221925,0.5952380952380952,0.037037037037037035
0.05581708137188971,0.35714285714285715,0.07407407407407407
0.6469401479488903,0.30952380952380953,0.1111111111111111
0.2747141896435777,0.4523809523809524,0.0
0.12777404169468728,0.4523809523809524,0.0
0.49562878278412914,0.38095238095238093,0.1111111111111111
0.5043712172158709,0.2619047619047619,0.0
0.7720242098184265,0.47619047619047616,0.0
0.5887693342299933,0.30952380952380953,0.1111111111111111
0.6183591123066577,0.3333333333333333,0.0
0.10625420309347682,0.5,0.0
0.43443174176193683,0.47619047619047616,0.1111111111111111
0.32985877605917957,0.30952380952380953,0.0
0.4535978480161399,0.30952380952380953,0.0
0.5258910558170814,0.6666666666666666,0.0
0.5050437121721587,0.2619047619047619,0.1111111111111111
0.33725622057834564,0.40476190476190477,0.0
0.50773369199731,0.23809523809523808,0.037037037037037035
0.6728312037659718,0.38095238095238093,0.037037037037037035
0.5934767989240081,0.5952380952380952,0.0
0.5756556825823806,0.4523809523809524,0.037037037037037035
0.26866173503698726,0.2619047619047619,0.037037037037037035
0.35776731674512446,0.30952380952380953,0.037037037037037035
0.668123739071957,0.2619047619047619,0.07407407407407407
0.5521183591123068,0.35714285714285715,0.0
0.0,0.21428571428571427,0.0
0.6970410221923337,0.38095238095238093,0.0
0.20376597175521183,0.5714285714285714,0.037037037037037035
0.6627437794216544,0.23809523809523808,0.1111111111111111
0.6321452589105583,0.7380952380952381,0.0
0.6519838601210491,0.35714285714285715,0.07407407407407407
0.40484196368527237,0.35714285714285715,0.0
0.5534633490248824,0.6428571428571429,0.037037037037037035
0.42367182246133156,0.2619047619047619,0.1111111111111111
0.16240753194351043,0.38095238095238093,0.0
0.8100201748486887,0.38095238095238093,0.0
0.8352387357094823,0.30952380952380953,0.0
0.32985877605917957,0.6666666666666666,0.037037037037037035
0.3954270342972428,0.42857142857142855,0.0
0.22360457296570277,0.38095238095238093,0.0
0.82817753866846,0.2857142857142857,0.07407407407407407
0.4334229993275051,0.3333333333333333,0.037037037037037035
0.23839946200403497,0.42857142857142855,0.0
0.20342972427706793,0.7380952380952381,0.0
0.16677874915938132,0.2619047619047619,0.07407407407407407
0.21519838601210492,0.7380952380952381,0.0
0.6237390719569604,0.23809523809523808,0.0
0.3705447209145932,0.6666666666666666,0.0
0.2168796234028245,0.35714285714285715,0.0
0.4519166106254203,0.23809523809523808,0.037037037037037035
0.6687962340282448,0.30952380952380953,0.0
0.554808338937458,0.7380952380952381,0.0
0.26429051782111634,0.21428571428571427,0.1111111111111111
0.4034969737726967,0.42857142857142855,0.0
0.37289845326160054,0.47619047619047616,0.1111111111111111
0.5679219905850706,0.21428571428571427,0.0
0.7562205783456624,0.38095238095238093,0.0
0.5211835911230666,0.42857142857142855,0.0
0.33759246805648957,0.8095238095238095,0.0
0.6429051782111634,0.4523809523809524,0.0
0.1664425016812374,0.6666666666666666,0.037037037037037035
0.13853396099529255,0.5,0.037037037037037035
0.46200403496973774,0.7619047619047619,0.0
0.3295225285810357,0.6666666666666666,0.037037037037037035
0.37390719569603226,0.2857142857142857,0.0
0.5843981170141224,0.4523809523809524,0.037037037037037035
0.7844653665097512,0.42857142857142855,0.1111111111111111
0.08002689979825152,0.8571428571428571,0.0
0.05447209145931406,0.4523809523809524,0.0
0.6395427034297243,0.5952380952380952,0.0
0.7582380632145259,0.2857142857142857,0.037037037037037035
0.8184263618022866,0.35714285714285715,0.037037037037037035
0.6765299260255548,0.35714285714285715,0.037037037037037035
0.2726967047747142,0.35714285714285715,0.07407407407407407
0.19872225958305315,0.5238095238095238,0.07407407407407407
0.21116341627437796,0.5714285714285714,0.0
0.3944182918628111,0.2619047619047619,0.0
0.3813046402151984,0.7857142857142857,0.0
0.515803631472764,0.6190476190476191,0.07407407407407407
0.38197713517148624,0.47619047619047616,0.0
0.7545393409549429,0.42857142857142855,0.037037037037037035
0.6089441829186282,0.5952380952380952,0.0
0.8110289172831204,0.6666666666666666,0.0
0.6886348352387358,0.23809523809523808,0.1111111111111111
0.39172831203765973,0.23809523809523808,0.0
0.33792871553463355,0.30952380952380953,0.07407407407407407
0.8194351042367183,0.6666666666666666,0.07407407407407407
0.14559515803631473,0.5238095238095238,0.0
0.4996637525218561,0.38095238095238093,0.1111111111111111
0.316408876933423,0.5714285714285714,0.0
0.2572293207800942,0.7619047619047619,0.0
0.6960322797579018,0.6666666666666666,0.0
0.5218560860793544,0.5714285714285714,0.037037037037037035
0.660053799596503,0.2857142857142857,0.037037037037037035
0.6139878950907869,0.47619047619047616,0.1111111111111111
0.7162071284465367,0.3333333333333333,0.0
0.14458641560188298,0.35714285714285715,0.037037037037037035
0.7750504371217216,0.3333333333333333,0.0
0.3776059179556154,0.3333333333333333,0.07407407407407407
0.3096839273705448,0.40476190476190477,0.0
0.5944855413584398,0.42857142857142855,0.1111111111111111
0.004034969737726967,0.5,0.0
0.06657700067249496,0.9047619047619048,0.0
0.7034297242770681,0.4523809523809524,0.037037037037037035
0.2848016139878951,0.5714285714285714,0.037037037037037035
0.4041694687289845,0.5952380952380952,0.0
0.5141223940820444,0.6190476190476191,0.0
0.535305985205111,0.3333333333333333,0.0
0.5837256220578346,0.38095238095238093,0.0
0.35104236718224613,0.5476190476190477,0.0
0.4196368527236046,0.4523809523809524,0.0
0.24310692669804979,0.7142857142857143,0.07407407407407407
0.30228648285137866,0.7857142857142857,0.037037037037037035
0.4488903833221251,0.30952380952380953,0.037037037037037035
0.3934095494283793,0.3333333333333333,0.0
0.49663752521856086,0.2619047619047619,0.0
0.16509751176866175,0.35714285714285715,0.037037037037037035
0.6415601882985877,0.2619047619047619,0.1111111111111111
0.4129119031607263,0.38095238095238093,0.037037037037037035
0.3120376597175521,0.38095238095238093,0.0
0.4364492266308003,0.2619047619047619,0.0
0.17888365837256223,0.38095238095238093,0.0
0.6308002689979826,0.6190476190476191,0.1111111111111111
0.17854741089441828,0.5714285714285714,0.0
0.4034969737726967,0.3333333333333333,0.037037037037037035
0.42770679219905855,0.3333333333333333,0.037037037037037035
0.7837928715534633,0.4523809523809524,0.037037037037037035
0.7000672494956288,0.23809523809523808,0.1111111111111111
0.3607935440484197,0.6428571428571429,0.1111111111111111
0.15063887020847347,0.30952380952380953,0.037037037037037035
0.7273032952252858,0.47619047619047616,0.0
0.4989912575655683,0.5,0.0
0.5679219905850706,0.3333333333333333,0.0
0.8312037659717553,0.40476190476190477,0.0
0.8402824478816409,0.38095238095238093,0.037037037037037035
0.7286482851378615,0.40476190476190477,0.037037037037037035
0.707464694014795,0.3333333333333333,0.07407407407407407
0.5406859448554135,0.5238095238095238,0.07407407407407407
0.3611297915265636,0.5714285714285714,0.037037037037037035
0.28917283120376597,0.3333333333333333,0.037037037037037035
0.2562205783456624,0.6428571428571429,0.0
0.38937457969065237,0.42857142857142855,0.0
0.33960995292535306,0.30952380952380953,0.037037037037037035
0.0914593140551446,0.2619047619047619,0.037037037037037035
0.06086079354404843,0.38095238095238093,0.07407407407407407
0.4653665097511769,0.5476190476190477,0.037037037037037035
0.0,0.6428571428571429,0.0
0.7303295225285811,0.38095238095238093,0.0
0.30598520511096167,0.30952380952380953,0.0
0.7330195023537324,0.38095238095238093,0.0
0.7548755884330868,0.4523809523809524,0.037037037037037035
0.7474781439139206,0.21428571428571427,0.037037037037037035
0.7091459314055145,0.21428571428571427,0.037037037037037035
0.17518493611297917,0.38095238095238093,0.0
0.49529253530598527,0.35714285714285715,0.037037037037037035
0.40854068594485543,0.6428571428571429,0.037037037037037035
0.5843981170141224,0.47619047619047616,0.037037037037037035
0.38500336247478145,0.35714285714285715,0.0
0.5605245460659046,0.47619047619047616,0.1111111111111111
0.35810356422326833,0.5238095238095238,0.0
0.6099529253530599,0.35714285714285715,0.1111111111111111
0.2790854068594486,0.47619047619047616,0.0
0.20174848688634836,0.8095238095238095,0.0
0.6028917283120376,0.7380952380952381,0.0
0.11197041022192335,0.5952380952380952,0.037037037037037035
0.5527908540685945,0.5714285714285714,0.037037037037037035
0.19502353732347008,0.30952380952380953,0.0
0.5201748486886348,0.5,0.0
0.4616677874915939,0.30952380952380953,0.0
0.5134498991257566,0.5,0.0
0.41560188298587764,0.5476190476190477,0.0
0.7710154673839946,0.47619047619047616,0.0
0.37424344317417624,0.2619047619047619,0.037037037037037035
0.6408876933422999,0.5476190476190477,0.0
0.5790181573638198,0.5238095238095238,0.07407407407407407
0.8012777404169469,0.2619047619047619,0.0
0.7666442501681238,0.35714285714285715,0.0
0.5063887020847344,0.2857142857142857,0.07407407407407407
0.1714862138533961,0.6428571428571429,0.07407407407407407
0.3429724277067922,0.4523809523809524,0.0
0.5292535305985205,0.5,0.0
0.2074646940147949,0.38095238095238093,0.037037037037037035
0.40080699394754543,0.23809523809523808,0.037037037037037035
0.4606590450571621,0.2857142857142857,0.07407407407407407
0.02555480833893746,0.21428571428571427,0.0
0.2511768661735037,0.23809523809523808,0.07407407407407407
0.22864828513786148,0.5,0.037037037037037035
0.19939475453934097,0.5238095238095238,0.0
0.8386012104909214,0.2857142857142857,0.0
0.12575655682582382,0.42857142857142855,0.0
0.18157363819771355,0.3333333333333333,0.037037037037037035
0.2511768661735037,0.5,0.0
0.5521183591123068,0.3333333333333333,0.0
0.5450571620712845,0.5714285714285714,0.0
0.5322797579018158,0.5238095238095238,0.037037037037037035
0.09179556153328851,0.5952380952380952,0.0
0.32178883658372565,0.38095238095238093,0.0
0.37592468056489575,0.30952380952380953,0.037037037037037035
0.49226630800269,0.23809523809523808,0.0
0.5191661062542031,0.5238095238095238,0.0
0.2938802958977808,0.9047619047619048,0.1111111111111111
0.49159381304640215,0.42857142857142855,0.037037037037037035
0.19233355749831876,0.42857142857142855,0.0
0.7753866845998655,0.3333333333333333,0.037037037037037035
0.3117014122394082,0.5952380952380952,0.0
0.20443846671149968,0.2857142857142857,0.037037037037037035
0.4677202420981843,0.5238095238095238,0.1111111111111111
0.777404169468729,0.35714285714285715,0.0
0.38971082716879624,0.47619047619047616,0.037037037037037035
0.34061869535978484,0.42857142857142855,0.037037037037037035
0.2797579018157364,0.23809523809523808,0.037037037037037035
0.7723604572965703,0.5952380952380952,0.0
0.773705447209146,0.8571428571428571,0.0
0.7047747141896437,0.42857142857142855,0.0
0.24041694687289847,0.23809523809523808,0.0
0.22091459314055148,0.6428571428571429,0.1111111111111111
0.8214525891055817,0.47619047619047616,0.037037037037037035
0.2767316745124412,0.40476190476190477,0.07407407407407407
0.5218560860793544,0.21428571428571427,0.07407407407407407
0.35339609952925355,0.5952380952380952,0.1111111111111111
0.4055144586415602,0.3333333333333333,0.0
0.4145931405514459,0.30952380952380953,0.0
0.41257565568258237,0.38095238095238093,0.1111111111111111
0.3426361802286483,0.35714285714285715,0.0
0.23940820443846672,0.5476190476190477,0.0
0.5480833893745798,0.21428571428571427,0.0
0.7999327505043712,0.40476190476190477,0.0
0.33456624075319435,0.6428571428571429,0.037037037037037035
0.2985877605917956,0.47619047619047616,0.037037037037037035
0.7491593813046403,0.38095238095238093,0.037037037037037035
0.16476126429051785,0.6904761904761905,0.0
0.6018829858776059,0.5476190476190477,0.037037037037037035
0.5497646267652994,0.38095238095238093,0.07407407407407407
0.3601210490921319,0.2857142857142857,0.07407407407407407
0.6126429051782112,0.3333333333333333,0.07407407407407407
0.7942165433759247,0.4523809523809524,0.0
0.2760591795561534,0.5476190476190477,0.0
0.5087424344317418,0.6190476190476191,0.0
0.5561533288500337,0.38095238095238093,0.0
0.2505043712172159,0.5952380952380952,0.037037037037037035
0.312373907195696,0.5952380952380952,0.14814814814814814
0.539340954942838,0.2857142857142857,0.1111111111111111
0.6129791526563552,0.5714285714285714,0.037037037037037035
0.5090786819098857,0.42857142857142855,0.0
0.4149293880295898,0.40476190476190477,0.0
0.2165433759246806,0.6428571428571429,0.037037037037037035
0.3325487558843309,0.42857142857142855,0.0
0.12172158708809686,0.6190476190476191,0.0
0.7457969065232011,0.23809523809523808,0.037037037037037035
0.8184263618022866,0.2619047619047619,0.07407407407407407
0.3449899125756557,0.7142857142857143,0.0
0.28312037659717554,0.6666666666666666,0.037037037037037035
0.24041694687289847,0.35714285714285715,0.1111111111111111
0.3776059179556154,0.30952380952380953,0.1111111111111111
0.4626765299260256,0.35714285714285715,0.0
0.34061869535978484,0.2857142857142857,0.0
0.3567585743106927,0.21428571428571427,0.0
0.2703429724277068,0.7619047619047619,0.0
0.6943510423671823,0.30952380952380953,0.037037037037037035
0.5783456624075319,0.6904761904761905,0.0
0.7958977807666443,0.23809523809523808,0.037037037037037035
0.42064559515803635,0.23809523809523808,0.0
0.31876260928043043,0.5714285714285714,0.0
0.49495628782784135,0.5238095238095238,0.07407407407407407
0.32481506388702086,0.23809523809523808,0.037037037037037035
0.3809683927370545,0.5714285714285714,0.0
0.7175521183591124,0.40476190476190477,0.07407407407407407
0.5692669804976462,0.4523809523809524,0.0
0.28816408876933425,0.35714285714285715,0.07407407407407407
0.488231338264963,0.5,0.037037037037037035
0.660390047074647,0.42857142857142855,0.037037037037037035
0.21889710827168796,0.3333333333333333,0.037037037037037035
0.707464694014795,0.5238095238095238,0.0
0.3507061197041022,0.3333333333333333,0.0
0.24680564895763282,0.47619047619047616,0.037037037037037035
0.23570948217888366,0.47619047619047616,0.1111111111111111
0.5312710154673841,0.6904761904761905,0.0
0.5991930060524546,0.23809523809523808,0.0
0.3288500336247478,0.5952380952380952,0.14814814814814814
0.7239408204438468,0.5714285714285714,0.0
0.47915265635507737,0.40476190476190477,0.07407407407407407
0.7434431741761937,0.6190476190476191,0.1111111111111111
0.6919973100201748,0.2857142857142857,0.0
0.7938802958977808,0.35714285714285715,0.07407407407407407
0.6455951580363147,0.38095238095238093,0.037037037037037035
0.6650975117686618,0.5714285714285714,0.07407407407407407
0.6439139206455952,0.5714285714285714,0.0
0.13214525891055817,0.35714285714285715,0.037037037037037035
0.640551445864156,0.35714285714285715,0.037037037037037035
0.2673167451244116,0.30952380952380953,0.0
0.3537323470073975,0.5714285714285714,0.1111111111111111
0.24983187626092804,0.5476190476190477,0.0
0.47915265635507737,0.3333333333333333,0.0
0.7141896435776731,0.5,0.0
0.40820443846671156,0.2857142857142857,0.0
0.0965030262273033,0.38095238095238093,0.037037037037037035
0.5279085406859448,0.2619047619047619,0.0
0.5490921318090114,0.5238095238095238,0.037037037037037035
0.2558843308675185,0.5238095238095238,0.037037037037037035
0.2958977807666443,0.40476190476190477,0.0
0.05682582380632145,0.6428571428571429,0.0
0.45830531271015473,0.5238095238095238,0.037037037037037035
0.1082716879623403,0.30952380952380953,0.0
0.6338264963012779,0.35714285714285715,0.0
0.3601210490921319,0.2619047619047619,0.07407407407407407
0.331876260928043,0.7857142857142857,0.0
0.38903833221250844,0.38095238095238093,0.037037037037037035
0.5450571620712845,0.6190476190476191,0.1111111111111111
0.09482178883658372,0.5952380952380952,0.0
0.13449899125756556,0.23809523809523808,0.0
0.13651647612642906,0.6190476190476191,0.037037037037037035
0.46402151983860124,0.3333333333333333,0.0
0.5295897780766644,0.6666666666666666,0.037037037037037035
0.7273032952252858,0.4523809523809524,0.07407407407407407
0.5262273032952254,0.30952380952380953,0.1111111111111111
0.45864156018829866,0.5714285714285714,0.037037037037037035
0.8022864828513786,0.3333333333333333,0.037037037037037035
0.2313382649630128,0.6428571428571429,0.18518518518518517
0.4122394082044385,0.4523809523809524,0.07407407407407407
0.7323470073974446,0.35714285714285715,0.0
0.4576328177538668,0.23809523809523808,0.037037037037037035
0.7952252858103565,0.2619047619047619,0.07407407407407407
0.7531943510423672,0.3333333333333333,0.0
0.3083389374579691,0.4523809523809524,0.0
0.7437794216543376,0.40476190476190477,0.0
0.2531943510423672,0.6904761904761905,0.0
0.5501008742434432,0.6428571428571429,0.0
0.6170141223940822,0.7857142857142857,0.07407407407407407
0.5245460659045057,0.2857142857142857,0.0
0.5874243443174176,0.5476190476190477,0.07407407407407407
0.34095494283792876,0.3333333333333333,0.1111111111111111
0.8096839273705447,0.2619047619047619,0.037037037037037035
0.6462676529926026,0.35714285714285715,0.0
0.8375924680564896,0.35714285714285715,0.0
0.45427034297242774,0.6666666666666666,0.037037037037037035
0.6987222595830532,0.3333333333333333,0.037037037037037035
0.4041694687289845,0.2619047619047619,0.0
