tsne_1,tsne_2
26.35814,-36.14134
-20.423824,-36.14247
8.5358925,8.222071
-6.836975,3.5114176
8.65258,-32.706192
-57.924717,-18.08712
2.2504425,12.1665535
-54.37432,14.494014
25.525295,21.11627
-40.338753,-29.962532
-32.16384,5.6041512
-23.419292,-37.63772
30.858133,-45.469677
-1.4658923,0.031126492
12.139451,25.012196
-11.772792,-4.964559
31.09577,3.255699
58.618412,16.32158
41.310875,-41.23761
19.829851,-10.400714
-68.14673,-1.1690289
40.620174,12.745466
13.854711,-6.2331953
5.030623,30.244764
35.149796,0.9695271
57.662918,-17.182228
-51.44495,-10.472114
28.569298,-24.192842
24.326462,34.159706
-52.65381,-16.252293
-14.941733,-11.095104
-33.61937,-14.321714
52.660557,-21.25505
18.74657,-34.043087
37.8113,-37.1454
41.923496,-26.740559
-32.51138,3.146889
-41.48389,-30.64997
-58.96928,-17.779745
1.6267613,-0.88010204
-30.781303,4.436469
-63.70411,27.225607
6.3197975,11.106314
40.718082,-42.6554
-11.303865,52.305115
-51.993748,-23.080841
-40.75183,-31.087086
21.801607,-53.541557
-0.37843126,-10.847394
-33.70845,-33.562614
0.97636795,10.204213
-33.38665,-30.625767
-23.962564,-36.428364
44.188057,-26.010653
-50.172375,18.63875
-56.326267,-18.668346
-8.707887,18.51943
-57.070786,-18.46381
-52.99566,-16.019281
1.9071205,52.035103
27.366295,40.53093
46.11163,26.91668
-7.0658517,27.291447
-3.0392332,-22.325602
-3.1717737,-2.732945
26.24908,-52.53256
30.56364,-32.4212
28.670681,-49.84489
44.045296,-5.755152
-3.791711,45.0149
-9.9247,-13.535334
-35.165836,-18.432203
-13.02421,-0.6220029
-11.519006,-9.248075
27.817427,-39.381313
-41.43655,-27.196583
39.647263,-37.18195
18.290716,22.775572
13.976539,-27.88731
22.351744,-46.35968
-13.840794,16.865332
19.524736,-10.992615
4.5712466,-2.0069172
49.127285,-31.03721
-10.348688,20.564367
-0.51071143,54.703808
-5.2726946,0.90650874
-47.53911,29.61742
-53.255394,-23.734196
-18.44075,31.742374
-51.67355,-24.708323
27.209002,26.044765
14.117549,-14.960749
36.808006,17.31737
-17.601852,16.809856
-17.877954,41.973553
53.128963,11.621358
-39.53151,-25.011328
26.793646,-52.20605
37.840744,20.668901
-13.867207,-43.41529
32.01472,3.2748742
13.614084,27.703741
-60.893574,-11.7154255
59.129856,17.684362
21.934301,-0.3681489
-28.246479,-37.346985
5.016821,28.915335
-0.4516539,52.400295
57.573223,9.101257
20.73066,25.202377
-14.325292,16.567547
-4.6559086,1.181125
-9.779231,32.203575
19.662859,-50.077908
-3.4766386,-24.790707
38.66945,-42.845764
54.13521,-22.09801
20.927204,-1.2927948
32.17139,16.961489
-38.391815,-34.824978
-52.260395,-9.527433
-21.473639,-26.359861
-30.27645,-12.126822
19.25562,-5.0166306
-68.23761,4.1833725
58.515724,11.836767
53.710724,-21.701088
-32.334583,-34.252678
-13.210566,-41.147594
53.786346,-12.641708
9.743416,23.749792
-40.101723,-31.699648
-19.701075,-36.53344
-16.036427,-41.50599
7.3683214,27.663496
48.27787,28.123114
12.4884615,40.217426
-23.25133,-37.415844
17.37049,-48.422646
-33.921642,-25.43893
-27.869576,-34.606853
-21.598606,-35.630325
-48.831944,-1.2497307
22.307652,-53.755257
47.984188,15.648154
37.312565,-37.34614
54.67682,14.187054
-42.802017,-20.33598
64.761116,-16.610754
40.05123,11.871512
-38.62421,-35.830875
-35.612267,-27.559258
-0.99250555,51.59545
-5.5712996,0.3052354
18.446543,-35.426544
-8.811401,18.89643
-33.70431,-33.111168
23.787474,-50.3738
43.119053,27.422699
-11.188244,-12.769955
2.3484905,-16.36365
36.048767,10.453771
42.45324,3.7726083
0.11472511,-4.3557053
44.001755,-23.097233
-34.15396,-33.707577
21.46672,-48.61912
34.90099,-1.1514236
22.917265,-46.258785
7.9745007,26.601734
42.07527,15.125308
-6.142718,1.6426194
-51.250843,-14.9885845
58.967785,12.941214
43.546944,14.331153
-57.91215,-19.237282
45.316296,-32.408577
-18.367428,16.682081
6.115327,30.443596
-51.723225,-24.882986
53.54514,-21.751284
-5.55432,-26.20962
-43.46452,-30.715244
7.519517,28.665808
0.45149663,-13.355596
-14.707039,-41.249813
54.606857,25.18542
-19.794952,16.157064
-38.64378,-35.13331
-30.53727,-36.356926
15.931645,-30.498657
-23.830076,-29.970259
20.154491,-46.723938
-21.317825,-36.011906
51.12789,-18.719393
46.192432,-19.25859
43.617065,33.258556
9.61409,26.413986
-26.654247,-33.648052
26.617186,-40.8686
-67.43229,9.841554
-39.129753,22.47475
-40.33144,0.20652391
-66.08714,18.001883
-44.366753,-12.501561
-13.263898,-9.027427
-47.702618,-5.866971
-61.843006,-6.8323402
38.907265,5.283743
-32.781433,37.321163
-1.6775004,-11.257186
-11.098918,47.11804
24.01655,29.60525
5.498037,10.174777
28.097178,-13.476399
-33.76381,5.406265
-8.688323,38.83317
-34.302917,-15.961758
43.68717,-18.653214
2.5539906,35.587822
-11.126701,-29.905582
7.8321543,16.44779
-9.857391,-9.213232
59.18953,-18.604555
-10.418589,36.95129
-68.9391,3.0180607
-25.209879,-3.3277605
55.67878,22.922718
33.13827,-17.306818
-37.657898,-30.321245
-13.698494,-11.062612
-65.3445,8.469195
-2.7828436,-42.604427
47.001278,-32.569107
9.513829,-37.46724
22.046085,10.698385
7.827636,-27.84435
60.88962,1.0470266
17.072187,43.73995
50.836323,-10.625067
-46.583576,16.124947
-58.54112,-0.7979935
-57.71892,-11.508778
23.63275,-35.315624
18.808105,-30.264421
-0.04478751,36.516903
-14.154893,-30.321188
-32.99095,35.63776
-66.687004,12.388291
-35.366177,23.174425
-9.438639,-32.11394
-35.994534,34.602207
24.622334,1.4592534
-11.881808,-11.582351
-49.542957,-5.6070876
15.97476,-20.668468
43.865364,0.14518064
57.593857,-16.607985
-50.45726,-5.924642
3.3131154,2.175199
-16.04826,-19.774698
-58.805927,-8.526703
13.774894,-40.2388
-15.118572,26.614655
-39.07963,-16.120722
-46.910847,-11.749396
23.296652,26.865545
-32.55498,21.357782
-59.229572,6.1229763
-34.382298,-24.671343
-51.582813,-21.643583
-6.8124933,27.484234
-67.82921,11.067693
-63.197495,-0.21009907
-56.54051,23.734795
-15.595158,19.65303
-47.958443,-10.879063
-39.623222,28.858412
-58.326443,14.581098
-22.762682,34.2976
-41.253304,30.201082
-20.037243,31.613773
23.60331,2.0647001
-9.574046,12.047341
46.523376,-12.384246
-9.265145,51.361057
-67.81043,12.4676895
-44.098377,-2.8054836
50.88919,-9.353858
-39.313972,10.163984
-25.293074,38.102165
4.041994,10.26419
-50.16876,19.180727
26.708063,-5.761493
37.799446,-23.87623
16.088,2.3978934
-48.665657,4.7488046
-32.37408,30.271448
41.074253,-5.6127744
40.815777,-0.33855665
37.096943,23.83049
0.42227697,18.025509
-62.88761,2.238778
11.5969515,30.93074
-40.78912,11.637996
-34.319363,2.4137926
-20.094307,33.89047
29.120232,-0.87956613
-41.73474,6.400188
-27.945002,-2.3722897
-22.9028,-23.235352
-44.400337,-23.837215
-37.056786,1.3793948
16.86497,-19.827278
-14.228717,-34.293903
-18.048304,18.347586
14.681509,-41.324417
42.98481,7.601356
-37.04615,-32.25576
25.390682,-45.347626
-40.590797,20.19922
25.047718,36.524788
9.271592,-30.412136
-18.75995,0.102121316
-41.020992,14.178978
-62.404762,-1.6308852
-10.130847,-44.81554
-19.78589,-34.956524
-0.052423436,-29.399595
14.901052,14.245711
-53.159973,23.446468
-43.62281,16.468678
29.934826,-6.7105594
-39.24906,8.0139065
22.334206,-18.100529
29.22953,-32.80945
-49.533497,3.0534096
-60.54932,-5.610473
-21.626604,1.1503623
-0.3018159,45.410343
-36.096973,-32.291615
19.727962,-42.159657
-64.902725,-5.67552
-39.021965,5.540133
-61.55791,-7.9884195
-48.69858,-22.33624
-47.794434,-11.996936
-5.3021774,34.68913
-23.713188,23.188837
-23.012959,-35.99949
-15.264706,-36.41238
-63.89877,5.0972166
-50.283848,-11.9958315
-27.985252,24.781015
36.33435,32.015728
-23.779593,32.6666
-44.190964,-2.3032348
35.469147,-17.902441
50.385616,-2.9333394
27.388964,-48.831573
-57.354095,15.845161
15.67235,12.356609
29.16035,-6.8820114
-13.625591,38.375023
-33.385754,-28.891096
-67.3041,14.442575
9.780945,1.5270993
-11.006334,-43.03211
36.63921,-13.959989
-24.756063,39.75159
41.71318,-15.230994
16.112284,4.2749476
22.035645,-13.207862
35.697075,31.665947
26.728037,-8.748342
-42.843357,2.586104
25.199717,-34.6702
4.6920176,-32.659756
-52.88864,-11.070907
-44.9358,-23.397984
-43.953716,20.660753
38.400112,-28.742493
-62.06786,8.421357
-5.5544386,30.756367
1.5294168,-33.758152
9.134444,32.35619
-5.667855,34.934704
-61.79794,17.617594
6.332617,35.351234
-19.752453,0.08648102
-39.76195,8.326332
16.280691,-41.47261
-17.770765,5.038049
-28.967432,38.77393
-24.448906,-17.865788
-64.68602,14.454903
-24.829939,0.19205779
-45.284443,-3.403259
12.51491,-45.103054
-17.180574,39.93962
-23.611963,33.9065
18.68351,-42.765274
0.39313948,-21.941837
-37.388947,16.716873
-2.7135737,-26.529535
-27.559172,37.581944
-3.7210343,22.645054
-38.598396,28.1585
-18.755411,18.044416
12.090492,-47.668255
-9.862221,40.297516
-23.190027,-27.925549
48.89236,-8.782976
0.92651844,-33.99156
13.711656,-46.85128
-5.0918946,2.637714
-34.367374,13.083436
32.097713,10.642891
11.701458,-39.47947
-24.956268,-7.5004272
-6.011155,-31.308153
44.6245,-34.05167
-58.15032,-19.23302
-24.539364,19.806591
7.733569,7.7000704
5.9985247,-42.64507
3.7780595,-44.108498
9.096829,7.19986
10.509346,1.1673322
-44.039734,24.35751
-34.205204,-15.910896
36.159985,-10.078257
33.954636,-16.186432
-33.857468,-29.88319
-28.204853,34.08895
26.241863,0.1067168
-31.054712,-14.67244
58.187523,17.237247
-56.915443,-16.988882
-29.942759,17.328388
-14.629685,-30.605413
-59.893387,-10.584071
28.457056,3.0327504
-62.975567,1.521676
0.9354091,-30.38153
-6.2447133,33.363796
-44.008793,15.549314
-48.45658,30.710552
15.88155,23.321875
3.3756487,-24.527641
-43.207348,-2.599301
26.91535,-19.161818
27.918503,-13.654636
11.185362,20.627995
-39.84125,8.928808
-27.244862,-25.848316
15.790659,-44.989483
24.945858,4.233909
24.17655,19.413475
-41.039593,7.135548
21.828407,-43.91969
-40.286922,9.649089
-22.558855,39.040474
-31.869816,-33.837925
-14.972289,45.118652
10.797877,-1.1323273
26.605112,-38.83908
-34.313393,36.816402
-16.595482,20.77825
-49.540802,-14.827868
23.758146,-54.84184
-25.133446,-25.110395
35.510166,-32.988262
-22.253109,32.912743
-36.54921,38.76238
36.215683,-6.3913684
40.693546,-37.03907
-44.609314,-22.345797
7.560826e-05,6.228893
-22.626028,22.972387
52.073494,23.84936
13.3471155,-29.018326
-22.34428,-30.056093
-4.644741,7.4131846
46.5608,-21.998915
-39.22037,-3.263735
-20.18175,-16.192646
-66.012825,12.188164
5.9506764,21.691406
-1.2073284,7.126225
-59.171898,-1.0469183
-2.2245307,-30.774637
-33.54331,33.22661
-19.546589,-5.535768
16.310417,36.23168
0.09640591,19.94222
-27.755081,12.989038
-31.13152,-22.069485
2.1116474,5.769776
-2.9263284,39.409893
-32.218597,32.673027
9.775969,34.226604
-19.414316,30.93647
-29.512619,29.101437
-37.63621,-31.130253
-17.656288,-33.313347
45.196667,-29.1261
-63.726192,15.613216
4.059221,-13.43558
-21.847332,-6.66773
9.913352,29.246672
12.912042,-35.900677
14.306925,-5.339446
-52.861706,0.8942474
-56.895103,-11.470986
-25.171503,19.210741
-66.66482,-4.664576
-17.17412,-39.463013
-63.88024,-2.2724907
-23.94267,34.83639
35.030434,30.927979
24.811975,-24.211912
-58.183956,5.2848654
56.688114,20.465567
23.552696,-14.7515545
-7.674549,-28.345478
48.45482,-14.315367
-33.86278,28.987743
15.401652,22.416576
-7.24711,5.478582
-23.500725,15.371745
-50.87363,-22.182941
14.240883,20.697477
-56.052483,21.56181
-47.11215,-5.49067
55.374023,19.618874
-43.473663,18.739267
-20.032124,30.587664
-70.21873,6.63531
45.65498,8.555137
-70.3164,6.6599708
-12.016429,-32.613293
-47.832027,-3.5882115
-10.729917,-9.987156
-45.52291,20.120535
11.938611,-16.21013
-35.091515,12.957513
-14.8309765,38.98664
46.694233,-27.43071
5.0232587,22.176647
-11.520497,-43.45513
-49.705334,-7.742451
39.38933,-26.25972
19.55215,32.63438
29.335653,12.773988
-19.32201,-26.448458
22.954103,9.49316
-35.01353,-15.974394
-67.78016,11.433291
19.729677,6.4820037
10.494453,-16.489399
14.3562565,39.78724
-58.278675,-16.306892
-11.300139,16.168037
-7.7708817,-15.1107025
27.997488,-19.987019
-68.516785,-0.55217373
24.06201,-36.422497
-28.037628,-31.60706
-38.803032,20.524136
-36.42228,-24.293747
42.189247,17.924267
58.833935,-0.96134233
30.43547,-4.1678457
-3.1766117,-26.947344
-54.347683,-14.598279
19.350164,-47.349422
-34.160297,-24.020422
51.084923,-11.712177
-62.116467,-3.6588237
-45.837162,-9.355491
13.531472,-51.245346
-61.828407,14.800349
-64.00238,-5.878618
-38.043526,10.187409
23.778204,-44.196297
32.381275,-17.455585
-27.674261,-29.962723
-58.716026,-11.526273
47.81727,-5.8250933
-62.013374,2.4085717
14.367834,33.334324
37.511448,5.82668
-23.87947,8.726582
26.486238,-43.399563
40.68766,16.88523
-9.368935,6.713076
-33.25647,13.871014
37.2836,-14.786917
29.278456,24.391249
17.048855,-14.363336
35.18698,-8.513768
-30.124268,23.195044
13.497027,36.625496
-10.221039,-38.58654
-20.789259,16.984705
-60.337833,-11.307856
-47.678925,-9.808052
43.45804,-2.610881
-18.92723,21.163004
-12.525464,-43.742153
2.9941092,-29.077324
20.926666,-29.680876
-12.104892,39.699505
-14.674869,-41.17358
-50.477,12.725772
16.883266,-43.719593
-35.36786,29.670252
32.589745,-18.177095
16.550846,-14.033032
-56.02994,15.299711
-28.29965,12.578031
-1.085918,27.83164
-20.971283,3.7212005
-48.519814,16.469015
25.761707,23.84072
41.11481,28.817772
-22.420965,-5.602144
-19.186556,31.430683
30.159067,38.73236
-57.410007,21.311962
-55.434376,16.294245
-11.587043,39.171204
-47.417156,-18.550999
-68.523964,3.2348776
-31.911339,-16.208738
-34.451473,25.632378
-26.006157,25.40405
-34.90847,-13.122616
40.154396,-31.72874
-14.795021,-14.880109
9.121567,2.5140939
31.794516,22.848835
-11.969673,41.082397
-67.32286,11.015856
4.2246075,25.976145
0.13656095,42.98255
-21.915092,-23.920671
12.406043,-15.96206
27.223719,-39.884842
29.911324,27.989523
47.57804,-20.224499
-18.875757,17.496437
-6.229793,-30.434074
5.1751328,-26.913157
-9.577576,45.817543
36.569813,20.753653
-12.442029,-26.2609
-26.677485,-28.734095
-58.774208,-10.791438
34.14228,19.40857
28.199772,-17.82698
-56.154987,25.655828
27.450241,6.9037814
-24.390945,-27.077497
18.468113,14.253541
-15.101141,28.195522
-11.40023,12.507201
2.2701037,23.996353
7.2524033,34.531193
-14.759136,7.937505
-38.30384,-31.014486
-42.892365,-1.9112512
-67.53872,5.2179365
-60.39131,-15.501763
30.437119,-35.467842
25.719439,-38.23541
-6.374564,-29.023602
9.16207,-29.023518
45.834293,3.721421
47.91276,-12.083505
-63.86967,8.908683
-55.5002,-15.489383
2.916979,-31.98617
43.937008,11.87913
-48.923088,12.610014
-23.10592,13.976426
7.14979,-25.303865
50.779793,-1.7468611
-46.998108,23.439896
55.570732,8.829525
33.937904,25.701075
-29.869457,5.4348354
-66.48738,13.331509
-3.6435294,-29.309809
-16.551716,2.3478012
-13.275727,-32.593716
-12.577255,11.370707
-12.414537,-34.724606
-67.18468,-3.0765934
18.875391,-46.41053
-40.69406,-3.8027477
-27.389986,-31.32693
24.988482,-29.652344
17.631828,26.417204
-23.482727,-35.40378
-17.803974,21.313702
50.582497,16.395292
-50.96496,16.255394
-24.601944,12.418293
35.223736,26.501352
5.0460215,17.93443
-60.099438,-7.3930335
-25.85807,20.426373
30.454372,-13.311261
-36.67734,11.709562
30.849283,-44.219513
-9.999706,38.14601
55.4733,17.163958
-59.92298,23.861702
-6.773804,-31.02799
-65.223526,-4.830853
-3.3333888,-13.696144
23.28645,-16.37256
4.7195354,-43.268642
0.9588989,5.601123
-40.273186,-16.975916
-42.244293,-6.287583
-18.237051,45.543526
-61.95694,22.895477
-31.854506,-12.203057
4.220255,4.2752833
-68.8067,5.250868
0.46901268,-28.80378
21.94211,-32.130383
-32.87075,-23.913687
18.415407,-44.26427
-28.749947,-0.61103976
10.462788,-23.539745
-64.095055,-2.9626935
0.51755595,6.547741
-65.09675,7.8858833
38.551228,-27.702036
-32.840668,-33.278862
44.435867,20.719553
28.460482,-46.354725
54.429295,16.471806
14.047856,31.944527
-41.119724,-9.938668
36.8769,-32.08409
-62.308167,0.5990405
-0.3531344,26.984362
32.676834,-2.0559676
-46.894665,-8.158066
-25.383469,-4.724639
-1.6168983,-15.791621
-62.500206,4.8031955
-63.89317,21.291288
12.514276,-24.368406
-51.267918,-13.72916
-53.07325,20.462458
-54.2995,-16.489988
-46.30757,-12.461904
57.898933,11.786508
-47.904728,-7.8018136
-12.71783,-9.892896
-35.448414,40.26036
-45.39822,22.66365
-25.967348,4.8852897
-18.860695,37.47006
-59.133892,-16.828838
28.304167,-18.319895
-22.94611,30.65499
-6.369842,38.623737
-57.069427,16.707212
-3.7161202,8.053404
-43.097668,-5.2847023
-12.999496,-35.64689
-43.13831,-24.263477
17.574928,37.993084
-60.40158,-6.3433194
-68.8125,9.104127
-62.357826,-3.8778412
-60.339195,-0.4428525
48.36613,-23.304237
26.427708,10.440576
9.608511,39.88111
-0.60200644,44.271915
-35.91397,-30.718513
37.778633,27.22249
40.376186,19.330795
14.883094,-50.038307
0.10162764,-21.993158
-4.34489,4.2408576
-40.64533,35.818665
-16.466797,37.329758
-31.59253,-21.51783
-56.68993,26.777676
-26.852003,35.45877
-18.683176,7.914643
-37.147514,26.536324
24.735588,25.051487
-6.798905,13.086992
3.2717903,-12.082034
29.151804,34.56315
30.712646,36.68959
-55.85646,-13.3619585
-38.307995,35.650497
-40.208202,-4.616931
-30.375526,28.783215
-63.647278,-3.8948903
14.250726,-49.54056
-16.671764,-26.01505
-46.01915,6.211401
-32.916897,33.909916
48.199505,-17.135822
-53.679634,-21.06059
-52.739223,-8.729855
24.398527,28.35914
-27.47812,11.754194
36.18524,31.461134
-10.70439,40.045517
-33.719597,-32.63476
-26.201488,-27.458426
-8.479785,6.4591336
-15.270441,-30.661015
-25.859709,-35.453175
-18.760263,5.208852
33.718426,-17.71736
9.57643,-38.58968
11.456701,-2.3525636
-30.128656,32.29244
-20.630783,-15.108079
0.55109066,35.967575
-55.09838,-17.260296
33.149403,-33.90967
-33.390755,40.073128
-42.241596,-25.399601
16.156435,44.921158
41.73761,-39.19795
2.1945915,11.252607
-66.45344,-1.1377783
18.803778,-41.55901
-52.503788,-13.205688
-17.57177,-19.410192
24.936695,4.8331804
27.270155,37.57737
48.2413,-5.0099673
-66.765,1.0082464
-43.479313,19.842634
16.785404,-37.292133
19.185215,3.4448166
-63.847816,3.997033
-42.683758,13.62253
-32.584995,38.70044
11.950136,-44.337433
-10.931162,-25.68733
-33.027348,16.276764
32.150196,-8.499478
-38.55444,12.671326
52.892036,22.958088
-30.994238,15.292969
19.010214,0.49922723
-66.35213,0.5309866
-39.733234,31.642838
-4.335507,-9.486762
-17.85767,7.545332
3.681324,-46.97524
-32.664906,17.183914
25.773857,5.062341
-39.52258,30.785324
40.156525,-30.222124
13.030218,-1.5394534
-12.964219,-13.553775
9.928668,30.52111
-55.71199,-12.058335
11.803281,-1.5387876
-39.118027,18.737
-31.160057,16.64053
21.193344,-40.87436
23.392185,-45.36486
-18.286654,19.840797
4.627354,-31.904783
-26.190874,-35.08685
47.733414,6.237831
55.261105,18.557178
18.985033,-15.639695
9.924316,31.555006
-29.20752,9.605626
-36.433655,12.398001
-2.9475088,22.741476
-35.059074,15.974963
-7.0670567,42.102604
-47.963234,-14.184291
23.791481,9.979762
12.721972,19.240526
27.98826,37.501904
-17.488405,-26.291754
-36.758804,-15.530169
17.383986,15.239996
34.1743,-41.334118
-45.918995,23.485645
37.792862,-42.962097
2.9121795,16.013384
-67.5915,0.17218034
-40.629753,30.7848
-11.922303,37.123413
-8.946866,-7.3605947
-18.70347,19.583605
24.569607,-42.227028
27.837818,-2.032936
-16.20298,20.098658
27.971233,-48.324417
-63.98985,-4.9184403
-28.005915,35.074337
-23.177969,8.470784
14.176363,-43.67885
-60.33835,2.6562917
-8.667681,31.024181
22.00893,16.412737
33.97582,-1.058688
-34.71836,-13.742352
-13.735023,-27.069773
-12.922508,42.739235
-13.708965,-33.78992
-56.38181,-5.297365
-67.7572,-0.7663035
20.287653,-5.774491
-46.650707,22.028328
-29.871195,24.154446
50.201954,2.9483247
22.143755,-1.8818326
52.024364,-18.458288
-54.75332,-17.495684
29.42486,-46.4705
14.992921,-15.036164
-26.96067,-18.192192
43.07265,7.74188
36.140133,7.0296235
17.301016,-49.45095
0.83294535,-47.253197
17.767443,-33.01591
23.286606,25.4729
57.422165,-16.001886
-4.633057,0.33091068
15.067748,-8.567359
2.9076264,-8.914517
15.110326,-7.4915833
-12.859675,-6.907261
-23.587772,-38.51196
0.7154316,51.924904
38.6307,7.2799134
28.714334,23.939087
48.68337,8.139756
47.583103,27.423275
51.73326,27.785015
44.403145,-27.815489
53.642128,-12.521551
28.237385,21.464874
37.183968,-43.417465
-13.683142,-41.641342
35.96578,0.18490544
33.50303,-46.802
-9.440027,27.523245
56.797604,16.053532
30.261377,-25.15947
-54.299164,5.2870584
43.840954,-7.222525
-10.855342,-6.925493
31.438765,17.98333
48.763397,9.200893
42.015778,12.625375
50.204815,-2.1660657
24.097918,-48.044373
37.46019,13.27417
-27.432251,-10.361045
-12.1053705,-40.359447
46.390614,19.617962
32.67324,18.144732
33.379208,15.158588
37.599445,21.11583
-36.908184,-23.475342
51.399574,-24.676638
33.224365,-27.829483
32.453655,-12.979947
15.390526,19.774544
-25.068506,-37.191605
22.94369,-4.0604596
-5.843137,28.784126
29.285553,18.74854
33.281513,-46.7284
9.679371,22.18431
-0.6167399,-48.059902
-1.1195048,52.191242
4.500916,-2.4270782
44.152374,1.2218899
48.226246,29.924995
41.089752,-24.14817
44.97588,-22.68375
13.875492,-27.897312
-36.05766,10.45245
42.340435,6.6720157
-43.25355,-24.667543
23.366852,-21.786469
-40.04128,-27.014158
18.71504,-5.538525
30.79816,22.983875
49.3125,-23.651022
-32.95813,-16.898006
-24.570774,-37.328457
23.417643,20.697647
21.705437,-4.21057
0.8616702,20.804155
-8.682002,24.454159
-29.096453,-12.94048
42.87616,-20.689623
-8.444419,-20.664139
49.11918,-31.216682
33.323803,15.356999
28.155699,12.079449
21.177116,-3.4401548
47.783478,7.337707
30.822933,-46.518826
-21.833384,41.77127
14.014172,40.017056
39.562885,-19.272297
37.429558,13.687839
-50.749973,-15.778572
22.481945,6.277441
39.428524,-13.37961
6.7390904,-30.355722
11.527925,-37.038803
-0.70043063,3.3877366
45.581367,-24.447481
14.210535,-38.416077
-22.558641,-4.4873204
5.1794505,35.116734
30.087082,-18.880028
-25.502901,-4.349762
-56.077477,-8.0066
32.21006,-6.371475
35.26219,-0.056176364
29.268599,32.917572
-25.171219,-22.087038
-55.969925,-19.842886
-23.420643,14.589221
17.215393,12.195777
-9.434765,13.9183855
9.191554,38.520245
-1.4467529,-10.617737
24.83763,29.32844
44.88938,-30.770273
-57.288597,20.005266
44.578804,3.416411
-6.273269,3.649264
21.566515,-42.266655
-10.282488,-9.170741
-60.640812,-0.7842746
26.595243,2.7069018
-46.14486,-5.1458936
-17.302649,-24.10839
-30.033464,7.9949203
-19.434954,-1.5825356
-19.680172,2.176624
11.256428,35.413826
40.75514,-14.919193
22.185072,7.5490165
-26.60686,2.5193381
26.140507,35.764057
29.27489,12.48572
-30.292454,25.41733
-5.9427676,37.43883
-10.513262,2.2589893
33.512634,-4.9258657
57.96433,10.963594
11.506278,0.20384757
-21.981068,5.6996093
-57.948444,-16.516935
-34.954643,28.672895
-3.4397438,-6.8156676
6.041482,17.572952
2.448075,15.855745
-6.7535233,34.857876
48.41491,13.7813635
10.307175,4.8047094
30.81959,25.338623
14.404026,-33.332188
-26.117025,18.670847
36.221424,-41.04098
-21.3626,-25.527903
61.042774,-16.014174
-47.535004,23.814371
-21.785355,-29.199455
-4.962633,41.911552
-1.5082269,-24.843132
-15.110513,37.426643
14.322543,-32.530403
-23.359228,0.48859426
51.25788,22.806917
7.211667,5.2894297
41.660572,-18.245884
17.316866,-15.980856
-8.145914,-30.62506
-3.308953,42.073154
-6.3744974,-13.498245
58.633278,-15.153463
-10.291554,-11.378691
41.598297,-4.3174367
19.642868,15.7046585
14.37258,-17.480692
-51.68038,15.925995
-16.899523,41.85048
-13.714653,-6.34664
21.955936,-7.0899034
-8.926828,12.948334
47.629406,11.762369
44.627117,13.964097
-20.935743,2.6810455
-33.715496,15.911537
-12.75768,14.270846
-20.48746,41.97805
32.522583,-15.766707
-66.98728,-3.6057827
28.167898,34.855667
47.57163,-15.131065
-27.441149,33.630245
-0.4499058,3.2026842
-33.529514,38.56319
-7.532017,14.284946
47.729523,-12.156276
46.20926,1.3920245
48.84679,-19.763952
-17.464859,38.657806
7.102085,-23.909157
23.400316,-26.829546
-17.79748,31.560278
36.75351,-16.995493
43.143623,-11.734338
31.074732,-5.3450403
39.84548,-24.07904
-0.7737667,45.734444
50.824352,22.871838
-55.81647,25.588287
-51.83597,-10.560642
57.43939,-2.9271328
23.510313,-17.978966
-48.42985,12.430269
-8.772335,-29.625216
38.319855,-15.872018
-39.015087,34.140602
8.632775,37.631905
0.369968,26.78276
2.6595278,-27.940754
-40.65237,5.7056456
-37.648945,-35.567566
-30.300648,-20.181347
-28.980312,33.606247
35.184853,-20.995674
-39.50293,-3.2689662
-54.234257,14.4159355
4.8123736,18.624674
-9.683282,36.250492
35.909702,-25.301271
-37.478752,36.819794
40.316372,-10.751357
-3.9656212,15.311566
3.3919115,35.165813
13.413432,33.96519
16.900202,2.4278848
34.184834,-10.263832
-8.694252,49.411175
39.027092,-38.67551
-36.654423,3.8814714
-31.844433,26.071547
37.48772,-38.60284
25.69892,38.948776
18.5817,27.670477
52.919815,21.438435
-4.3021827,47.243313
-0.47741157,41.496567
-31.976189,33.71165
-18.273409,-0.5312133
-46.71686,22.793068
-37.286743,3.94052
45.6883,12.580886
-60.696255,-2.3881853
-4.428184,-9.858856
56.39882,-1.7596048
43.497604,17.102785
26.9561,37.187965
0.6819314,-42.644802
49.351505,21.570568
40.051037,26.651176
20.780912,9.443213
28.838572,-40.92081
49.493584,22.276789
30.62613,35.296745
-15.672354,-22.7978
23.762539,-15.5271225
-29.517994,7.729161
54.74279,10.642654
39.48105,-25.22056
-22.480953,39.369686
-17.422632,20.120365
13.41286,10.394095
-5.7173758,-38.386745
-41.35395,-7.209337
27.464336,-23.838305
38.895496,-22.5919
-15.658463,7.0850368
-9.513558,43.85431
47.058006,-6.509888
14.876024,4.0406632
44.524544,-14.119557
-60.283775,27.622238
22.63555,7.2124305
-20.35467,-15.730385
2.0328462,-24.76976
-40.39618,-17.056065
-59.302628,3.8148577
2.6511188,35.032776
-34.612858,6.7559805
14.557839,35.48752
-17.984526,37.975018
41.16629,-11.712957
-4.7153544,43.016926
24.364182,25.80324
-12.227276,44.18246
-31.397682,25.033098
27.010237,-28.765709
41.56762,17.606186
-36.363686,-18.863165
-11.843205,4.2511606
49.5641,26.439928
38.743713,-14.689453
-1.9926946,-15.214139
-36.337967,-6.9702744
-26.967968,-1.9148743
-43.464046,31.766706
39.4293,-42.05215
-3.7239587,-33.19024
-13.388412,36.14498
-34.9799,35.663403
-15.563122,-33.68822
-27.874914,25.461079
-21.613144,-5.866613
-30.164904,20.619074
-29.310745,24.364035
48.977352,-22.621248
-64.5218,0.2535336
-55.12695,14.132423
-5.636099,38.230545
47.113453,22.562807
27.638723,-27.607513
-16.867071,36.676903
47.537777,-4.854475
28.258389,4.152696
2.6083865,17.953117
-10.767749,47.21682
45.00347,-17.018509
29.437328,-18.657072
31.405931,30.378378
46.940235,-29.87157
33.521564,20.283504
15.263446,5.4734073
38.683548,5.3517294
-11.748381,16.116316
35.12833,-18.881956
-46.222008,-4.284286
64.69633,-16.547926
12.191208,-21.652819
-2.3673372,28.970385
-33.335327,-1.8446449
26.800335,24.115126
-11.652032,11.553473
8.961357,-34.136047
13.902665,-25.271538
-2.3005612,-27.63146
28.974985,30.450731
41.76525,-28.51644
-6.692387,42.165443
-49.267513,8.756629
0.34830344,34.339096
2.8761563,-43.396523
23.509699,-17.897654
14.475135,-51.04469
17.221449,-47.7951
-57.140205,-15.286677
-19.901104,42.891895
18.256104,-48.16855
23.406162,-44.7196
3.5180216,-12.197213
26.292444,-31.184954
-48.59324,10.996895
-48.92516,1.0867169
19.200678,5.644971
-58.07336,21.80428
-13.356539,10.84364
28.256292,-41.409325
-32.667255,-1.1496501
47.604683,21.490345
10.953694,20.414032
-30.941532,23.388554
-48.14434,8.79304
13.204038,-42.114136
-61.89471,0.69632477
2.4423006,-42.541164
45.53876,5.6855955
48.799522,-6.0622215
-15.836871,-28.436796
-39.80116,19.457497
-43.725327,-5.9557805
-16.235815,29.415255
49.07255,-18.454002
44.361504,15.81161
50.761826,2.773668
24.358444,6.363664
-61.963104,24.811424
52.77217,7.804364
17.714573,-36.695465
10.342692,29.64175
48.284645,16.44676
10.729725,-31.278532
-24.975826,9.420166
-12.653266,-29.267056
28.086498,1.1188008
-16.15875,34.76871
-47.85071,9.751283
-3.2117548,45.739838
51.05553,-20.319635
-14.870752,45.62967
45.323906,4.8998404
-56.112175,19.826569
33.118576,-20.286327
11.332667,4.395883
17.481218,-37.28667
-8.977984,28.550396
3.0496516,-43.706432
-7.7419806,9.265323
25.586699,36.56082
36.64192,-1.466805
23.133152,14.215593
7.5599775,-34.058353
11.463435,-14.635288
13.129539,0.0073079737
53.48301,19.369717
-33.054893,34.491474
-20.255205,3.6406686
-12.835878,-4.761403
43.003872,21.013342
-29.930016,-3.0396967
6.46327,-32.975555
38.900368,-38.20618
8.635305,25.900991
2.6321023,-23.872196
19.181524,-30.225183
-28.70204,-1.9855998
-27.429163,-26.617682
39.688313,-27.424671
-1.617645,-15.099106
-1.5811708,-22.836441
-11.09161,48.07434
-38.582516,-1.4988202
47.347816,-7.107112
-19.406427,21.452524
-60.71227,22.39882
54.323666,14.729667
-24.601954,-2.1822796
38.18498,-25.053421
-10.417637,-10.732206
-23.987967,-2.0718
-25.06182,2.4176018
16.304941,13.464124
28.732279,-3.8018951
-25.878561,34.18728
-26.564562,0.42027262
13.762871,34.75894
2.9407747,-27.391747
-8.346394,38.077904
-45.842537,-18.363794
-45.729263,-8.530578
15.26522,-43.596786
29.024094,37.55456
45.15796,12.688633
36.217247,-15.125554
-9.185404,46.16487
-8.080828,11.869591
20.00106,-16.716805
34.898426,26.227543
51.20812,16.65955
-39.766315,-0.9114278
-56.512142,13.111128
-21.429905,3.8863325
-22.547438,-0.72146285
-22.687801,-29.406055
44.453712,19.260563
57.99191,19.071592
-8.931577,-13.051959
33.190277,35.23177
-4.260489,-13.962606
25.522253,-23.481398
-10.61441,44.723953
4.8308334,-26.621084
26.061369,37.060467
-7.9660707,38.884155
24.852226,12.450416
25.450874,31.97745
16.830265,10.502585
4.10482,26.731403
12.149901,-2.61493
-9.368549,47.796448
30.805168,-36.12476
-27.049652,-4.1631727
2.3835394,17.807384
-44.08744,2.701143
-28.186178,25.917389
43.15218,-1.3837266
-14.283539,-28.014019
44.739132,12.566246
42.681522,-18.227625
37.07797,-0.62021965
22.065542,2.6317713
-16.940868,-32.139977
41.81007,29.885477
-16.527912,2.4426277
49.8684,-8.301663
5.366157,11.332978
-8.5379505,29.161314
-33.09776,24.642744
40.556873,-6.272346
41.09663,-24.928074
2.0766642,-43.322704
1.7617352,37.35865
-22.677902,1.274009
-16.555103,26.89772
57.43886,8.51724
11.575327,32.70442
-6.4080806,1.7476884
4.493505,19.296783
44.075943,-6.91467
43.55325,32.84234
7.820971,18.78042
59.787987,2.2376287
2.8898294,8.291107
48.862972,-20.90746
-12.968297,20.815258
51.86055,-26.778543
22.5353,-0.3990459
25.908318,14.253205
43.572247,-26.97045
42.43666,13.555017
35.909325,22.3623
20.335876,25.18145
-28.474184,-14.679234
17.234598,-2.755506
53.072575,26.348099
23.965717,-45.69546
51.39615,11.438549
-0.32597005,12.887478
23.138002,-1.5543907
23.361666,14.857889
-5.311505,18.680902
-7.2462053,1.265899
-27.229189,-13.6989765
-8.564243,26.145348
27.938906,18.583824
16.567677,10.073538
29.748642,-42.926292
22.52735,-21.415827
45.71769,-10.523677
41.949593,-7.3041115
53.236988,-27.50325
-3.8031607,3.7989433
35.87205,12.237113
2.0580914,31.137949
29.147186,-49.18881
4.700501,3.2860773
17.426285,-2.337828
57.96603,-1.1704915
-32.07334,2.0582552
57.645428,13.110536
26.738018,17.048456
19.389273,-33.998493
59.262455,2.3836374
-21.799465,-12.267665
35.727627,4.9669137
-12.6636305,-23.162064
-23.58835,-32.166798
60.515854,3.1557586
-33.45408,8.806471
4.2791877,8.872742
29.158867,-48.171356
41.981174,-41.329388
-13.874898,25.885416
18.657658,-36.190166
59.08681,-15.657486
-30.963537,5.128282
41.31507,-7.6081996
28.957844,-7.2803736
27.247904,39.53301
48.225327,17.028461
19.7662,38.311344
10.060132,23.0096
0.90779287,16.447607
22.426546,-2.6522775
58.548626,3.4684703
15.423054,-46.577446
-25.697845,14.613191
11.968714,37.4993
25.213306,-47.395855
-2.245202,21.164064
24.802725,20.81941
51.065323,-26.280024
46.362072,10.884291
-63.01593,12.256721
-7.168636,20.79557
3.9734292,-9.913171
20.163763,-36.33001
-42.624832,-30.888401
3.6112208,7.2908964
-9.340189,14.908492
2.8776402,-3.147486
62.71936,-14.8770485
-4.4432454,48.422665
-14.180065,-8.580468
20.27987,22.325356
23.2788,-1.4098437
32.708164,-45.836555
2.2402637,3.6098232
45.102715,-23.009426
-21.893787,-37.927284
55.444992,6.10538
58.847923,-2.367153
8.395885,17.727577
21.911674,-48.66833
-10.734752,23.04131
28.695263,23.082989
-19.834652,32.56688
24.42161,-5.6367183
54.15058,28.561806
-8.02444,-9.520625
62.330975,-17.876987
-16.197985,13.873558
45.871952,23.861906
7.15247,14.05195
48.7901,26.878174
25.685114,-51.529766
-29.905512,-36.527267
25.325153,-52.020073
-12.039843,-22.181267
21.127321,25.048283
2.6068885,8.23727
6.179812,-3.9134593
3.1840873,-45.386703
45.297035,23.99366
-2.199644,20.923141
24.843792,13.63151
53.236958,-17.490284
62.67933,-16.384562
48.906235,-28.096043
55.63463,22.117125
49.54749,10.1284275
-0.7722989,-25.919754
3.2801566,-8.590946
37.79681,-20.651804
22.893654,-52.38398
-10.916732,-28.625864
30.059332,-46.03169
50.33343,-26.318447
29.778868,-27.63655
20.450378,-49.048428
-3.632258,21.139313
-18.378845,-0.8745
51.345596,7.5134473
21.407854,22.490473
45.924446,-9.809876
-8.422573,22.310675
32.823914,19.474277
6.3620663,9.739575
16.817123,20.620794
8.909714,-5.159081
1.1084664,50.43071
-3.7557983,12.966859
39.246044,11.6094475
22.85347,-48.870113
9.468547,-4.9272785
-17.594053,-11.86228
-51.140415,-11.209863
37.94387,10.9553175
29.393997,21.063837
30.10801,19.77754
-10.673931,-21.636301
36.75843,11.499949
56.336388,0.003782895
14.054576,45.27349
22.47724,23.183767
22.375902,-3.2353714
7.3514595,25.699532
23.153107,-54.841496
26.17051,21.870644
48.86405,9.417325
40.04234,18.668385
-24.860712,-38.453846
2.6211762,-45.292843
-4.164196,1.880759
-6.0728827,19.189718
28.78746,-10.457521
46.571465,26.915434
56.440475,16.7042
42.257698,3.361641
17.893507,-2.7035244
45.451374,26.909264
20.056816,-37.78071
13.665172,27.132095
2.7986279,-4.751723
-22.467123,-12.66118
57.282803,9.715136
-7.7004,24.132704
-17.26524,25.35297
47.11841,-9.874559
3.5052297,6.8629756
56.161194,14.797162
-9.686886,-16.487108
43.6251,33.086857
-29.047138,-13.061925
14.755125,-47.432613
35.04174,17.095396
13.331492,26.80564
49.30615,-26.292543
-3.3677015,4.3489356
54.300777,-22.988457
57.73061,14.468659
41.553448,-40.899376
50.02668,-18.896725
31.373238,21.05686
46.00037,25.601372
-31.746664,1.9207475
43.52196,31.661928
45.706154,14.800636
21.698542,-51.0327
46.342216,32.128304
19.932844,22.754917
25.660513,-46.619965
-1.5468694,0.20012034
33.21487,-47.299225
-8.121118,27.3378
26.145761,1.9876351
-7.7113605,22.261055
24.64211,-6.1760716
54.43172,24.501476
18.142395,-48.85679
-0.6229301,52.78996
41.885796,12.927313
30.275991,-25.105762
11.741828,-46.147594
43.589703,-27.561487
58.387257,14.866098
41.255726,12.698863
-8.588464,21.23592
49.92191,9.722544
29.832739,20.023636
31.036238,25.098965
20.246212,21.268854
0.7322324,-2.5045574
57.25255,20.822422
14.104996,-45.75957
-14.367972,-7.7424583
44.96891,32.097744
38.78064,-40.70354
0.8708893,51.95802
54.08352,28.601557
-2.0820434,-1.930273
-25.924824,-30.673786
37.56724,10.99169
28.681385,-47.89053
-33.941208,17.116169
46.248146,24.416754
3.2803898,-1.1492739
30.455612,19.059778
48.921745,-25.30627
15.664723,25.195707
15.88708,29.59309
60.162567,2.8611193
1.4007658,-1.9317975
31.948908,3.1972249
31.320929,-30.5069
-3.7131047,41.212254
12.212922,27.161106
-55.4478,-18.688248
34.175095,-32.364674
21.57684,-4.4502707
8.869309,28.072699
33.823864,-8.310906
-7.0203867,-0.14770691
2.833499,-3.819799
30.176003,3.114484
18.570759,44.664864
-12.242338,-12.502905
12.656647,26.14607
59.226414,15.707349
43.332283,31.509426
50.61587,-25.005178
29.863894,-48.433067
-9.852685,50.723972
52.066944,26.496397
6.1409316,-9.492472
5.933381,8.245511
30.859568,18.483994
27.81639,2.784926
1.5867096,50.127136
13.615381,27.854406
20.224564,-5.4369264
38.635197,14.255979
19.12122,24.554153
61.86817,-18.48752
21.403957,23.234123
46.024242,30.043139
43.69303,30.998579
61.749413,4.36249
36.641792,10.672976
-3.2793896,46.24849
14.424833,45.15671
36.25259,21.630636
61.959003,4.5954566
4.524426,-10.198573
22.635561,-43.808598
21.166536,19.32063
19.480791,-4.4181266
40.478508,12.159646
38.41472,-19.83882
5.5562096,-26.261312
4.763297,-45.61559
24.941975,-9.986235
37.139225,23.761255
-34.683903,32.361183
33.016422,35.623035
33.097744,-12.901931
-7.0554476,-29.660715
12.178214,6.2600703
24.944174,-14.702785
-32.77266,-14.6934595
43.40682,19.256676
25.52951,-36.778767
21.904173,5.4272475
51.829197,21.563612
-18.719215,21.724648
-24.71518,-36.052692
53.862938,17.636284
-0.28167132,-31.03585
-16.225039,-29.210054
-10.646736,12.873865
-31.247976,-23.600166
32.751778,-22.120596
47.68048,-26.093086
27.89005,-36.665703
-2.5395164,-21.802303
-49.24734,10.904125
-38.850418,20.199154
6.7934575,21.985123
19.678692,8.778537
4.4407315,-22.753828
12.879919,17.652145
18.598541,32.301434
-39.85955,28.921907
35.895237,-16.071236
40.576073,-17.214352
-20.953747,38.05414
46.213802,20.762627
27.859016,30.799637
20.244658,32.718838
-20.926743,5.609557
34.339222,0.13420516
48.574787,15.200016
10.1253,-23.622295
28.740196,-48.669468
-10.776921,12.925759
-31.249918,38.80254
-15.238538,9.299473
-5.15265,-29.283216
-23.380482,-2.6769085
-6.8385177,11.980963
21.71057,11.45155
-17.014446,37.99121
-26.143364,32.901787
11.784517,0.18925068
-1.1209064,-10.245566
-16.08874,-27.357012
3.3034341,-32.98094
58.844494,-19.348066
40.215355,-24.579527
-2.2903287,-28.991852
-1.0224894,-16.231314
-3.6975722,29.87499
48.07801,-25.228561
20.66044,11.831871
-9.248134,50.746315
-56.541798,13.693093
33.35255,-29.285555
37.994076,-42.645763
17.614311,40.39928
-3.913356,49.71882
10.68798,-32.094456
54.60581,24.035053
-62.6666,24.837366
17.472445,40.599545
28.862328,34.28376
50.78681,-15.499506
36.906746,23.361862
-46.2058,8.161976
-59.958035,22.258202
-29.287191,40.295364
41.473465,-26.19923
26.601032,-22.844234
18.603718,-23.803926
-67.18517,12.941915
30.60685,-1.5100693
-58.54076,26.152603
-64.13842,7.637027
29.45632,-41.353954
1.0540243,-28.04973
42.091606,-5.4743423
8.6251335,9.228664
-5.3993354,-38.622684
-16.812786,40.638737
28.704073,32.07609
58.17477,-12.762377
36.318542,-21.651169
-32.1431,-23.834867
37.817814,-29.789888
10.699924,0.11886537
22.10702,31.536112
-25.31143,-24.95945
4.0615892,8.445176
-42.76749,27.734985
24.553425,-15.368046
46.9112,3.1217484
-37.045486,-29.51566
48.53592,14.542805
-6.1914325,-8.624736
45.961266,-14.517941
39.196495,-42.11063
48.203068,-14.609532
-7.4921165,-14.877427
28.941545,3.3201659
24.513248,8.809157
16.774382,44.381287
-4.976701,42.904507
33.62244,0.6017196
36.081287,29.098944
16.068008,-35.698826
22.997597,24.130392
56.90593,-2.7455845
-56.38546,24.310867
-9.209285,46.811504
25.273825,-9.179529
45.92729,6.924315
-34.751648,-30.233868
22.100388,-27.539728
38.162235,23.076344
13.697392,-31.339062
2.925099,2.937055
13.215935,-47.43056
33.411488,24.327995
-42.857254,27.603403
-59.11865,10.154567
55.676456,11.737875
9.596965,-33.21386
35.26781,-14.92718
35.203777,-31.627445
43.03306,11.512388
-27.06312,-5.1036854
25.047003,37.552937
17.212654,35.66549
40.1228,-6.898938
-66.34221,16.000341
34.689014,-23.016407
54.309223,18.714355
53.753014,-15.727731
58.34291,-16.395147
-2.363989,31.426003
3.2768881,16.627638
51.915016,8.144847
8.857693,-21.48304
-1.8504611,-30.092623
26.178091,-27.526892
-45.06994,-14.658804
31.93344,10.354427
-37.001495,3.1554737
10.110722,-36.262146
-16.951365,-34.89263
-23.16761,1.8624779
24.886036,21.672342
-10.203721,7.654763
42.72845,23.41079
35.991894,-21.989784
-17.108437,-23.2008
-57.592953,28.40543
52.313957,19.718582
26.475279,-26.288857
20.72808,31.085955
2.7012417,36.99794
56.761757,-2.6208322
44.509743,-9.711416
55.11811,21.394144
-15.136986,23.180311
5.495108,37.990513
41.861515,-2.499913
-22.8038,11.162996
4.5800433,-24.076122
51.58538,-6.5227118
-7.9507995,40.189987
-47.24676,21.628294
-5.852499,8.187096
23.864044,22.929268
45.73165,-15.0442705
-27.939365,-4.062256
-37.57328,13.841149
-15.729002,-32.956314
22.247288,39.938232
29.247484,36.31242
-11.4452915,-32.49984
2.0716932,-30.261873
-16.88218,12.849137
13.795773,-42.88443
40.13179,-12.962409
15.093373,-42.226
-58.55288,-4.8295436
32.927273,29.739727
4.2226768,23.883957
18.796228,9.457838
-30.93933,26.008736
40.807404,-41.048042
-40.138325,29.939724
-23.887102,39.112217
39.40378,6.0112834
-26.810514,4.997261
-57.080715,-14.112284
12.838677,-48.60463
-17.855034,-19.712168
-8.464488,9.734518
-30.883213,-11.482879
49.454853,-8.538941
3.3084245,19.446438
41.548286,-37.930504
51.996925,-9.791344
1.0613719,4.9290667
19.161629,10.05043
1.6913041,-27.690813
-0.4753199,-31.533583
-69.670906,2.256314
39.244095,26.322287
49.119884,14.617227
47.405544,-14.145337
46.4899,0.36544678
3.5277627,-46.469715
-2.552619,30.527967
-1.8349746,33.29114
50.761852,20.674402
23.439648,7.9973984
45.00695,5.5836234
28.972095,28.036861
6.0412416,-44.267414
23.777466,-25.732023
5.3559623,30.007957
16.101984,-42.70381
35.027473,-4.3043227
48.89292,23.004642
56.662502,22.379776
42.117718,17.189602
-39.90919,-11.187275
-0.51339537,35.220196
-8.591834,-8.0977745
45.12328,19.02267
29.85753,33.468815
-43.210526,1.7522814
13.234044,-7.1936283
-34.92796,18.687622
-2.585251,-25.013
23.99173,11.643743
29.467009,-44.27619
9.891331,6.502012
48.884705,22.856354
44.47151,-16.440796
-17.236195,18.858316
24.372618,-35.704773
5.9315157,-30.797564
25.276024,7.868514
-57.827347,23.495977
14.440259,-36.158546
39.265793,-22.22535
-3.5957932,-14.421621
8.272836,38.27883
23.64651,10.881753
32.52378,-5.210547
22.519016,31.611895
19.074644,-42.690125
2.067786,16.728783
3.8516543,-10.622959
-46.071873,8.986098
49.802517,13.333877
-17.85495,3.9654987
12.581491,-46.454796
-7.2963758,29.985786
22.512712,-24.812101
21.617079,9.814066
20.379482,6.9693637
-10.151973,-10.668779
8.867528,36.23552
52.04604,-11.797637
-28.127316,-29.264704
52.95452,-14.517051
-12.720332,-9.139915
7.3570395,22.785303
21.243883,30.85369
0.33955702,18.153801
42.78485,-38.947178
38.328453,-39.86701
-11.585984,-12.283661
-15.033395,27.497538
46.776257,-22.618855
5.4391813,24.206173
-12.74899,40.086132
30.976364,29.013224
-0.48258635,-20.21562
-15.751444,-21.697039
23.621265,-41.23616
-47.590992,-24.271263
5.691125,-31.824955
-65.412674,13.272719
-12.5953245,-7.989823
-33.213493,15.103372
-10.330729,39.115517
-25.609978,10.388503
22.866768,12.181547
13.078011,35.651394
0.97645956,35.17454
50.4146,21.560556
15.456249,33.623985
50.30019,-3.7156909
-63.66698,8.7730055
-15.255694,19.643593
-6.3908224,39.763306
-16.717665,5.7124104
15.554377,43.979336
20.595783,38.86735
47.633728,-4.0790353
-63.882973,18.88758
28.5423,7.782053
-40.287888,29.967762
49.130226,12.929441
-5.183654,5.2266006
-44.334175,17.903393
40.7643,-25.790443
16.490538,35.589672
40.773323,-13.179947
54.476444,17.56664
43.002487,-13.433747
-27.246164,38.48725
26.237804,-25.066156
-3.9768753,15.271662
50.842796,-14.607587
30.29244,-2.2787368
-39.748837,-28.428595
-52.36843,12.650595
1.4651042,36.19743
33.341312,-22.763884
32.43424,-1.1084391
44.80256,3.942958
-0.8195598,-27.335634
47.029125,18.504837
-33.503613,3.7098496
14.502221,-44.07953
13.405154,-34.139175
27.306936,-36.1448
-48.354565,-9.514599
-59.191776,23.03074
-22.494083,4.8908896
-40.18556,13.221414
55.720947,16.24615
-31.556435,36.26935
11.312405,-12.527974
32.072826,-34.050625
-9.900513,-31.679825
50.6985,13.336418
32.04734,-36.79312
-30.930979,-13.665203
47.164932,7.491298
14.366178,-7.619255
21.739662,-40.511787
16.564505,45.033115
58.607117,-14.87929
38.687893,-42.283054
34.73451,-21.238194
38.448326,-0.40448564
-16.959545,26.80955
47.182053,24.592436
32.693558,-29.302843
33.68289,-13.926805
27.815475,-46.25105
-35.516975,-4.6899495
61.157528,-17.536678
-28.298584,12.492249
15.7984295,36.338104
6.3882627,24.03288
-10.0349865,9.681824
-30.112135,33.44026
61.014046,-15.531781
-15.254184,41.12158
51.783302,-9.776494
11.013733,37.26436
-60.135838,26.99052
39.90644,20.990488
-17.470577,26.474072
19.747766,-48.362617
35.095997,-40.932087
46.965538,-26.871586
6.5741963,-22.593367
-5.8081794,-13.438773
-61.871387,2.298841
-2.0319939,48.553642
-15.433658,39.089222
36.104095,-41.547947
-32.97766,30.074816
26.417994,-4.632856
-28.860304,31.990906
-56.957333,-11.250303
-5.888211,37.912926
-25.026625,-7.417737
-1.3886366,-21.703846
-32.553257,-21.955738
12.875307,-24.47999
-12.757453,21.645311
31.970285,-31.031351
-58.413937,-20.875605
-51.399475,0.15349308
-64.30059,14.890323
-23.794094,22.649546
-5.836448,33.86146
45.64317,10.568287
16.878113,13.996
-6.62712,-7.193845
47.126217,-26.445824
14.5400915,-42.82018
5.27311,-22.499714
-17.368149,40.712124
-43.845146,19.93435
11.780545,-35.173084
37.331905,30.616875
-23.286226,-24.619627
-2.1197689,28.353897
-44.92583,16.563465
-27.660517,39.396843
-31.49657,36.49226
15.226936,-15.771461
-21.583654,-21.938478
4.2846255,-27.725288
17.98699,37.770866
-63.74692,6.0529413
-23.659777,23.919044
25.111052,28.931034
-34.053352,19.864101
-57.185352,-9.216465
-33.143284,-5.961025
-39.4957,18.928246
29.315819,37.02233
18.688099,14.109784
-33.0835,27.804958
-40.92903,-11.242473
13.59546,36.099518
-22.444181,-6.854688
15.301389,32.22308
30.27899,-5.299774
-59.2956,18.764383
26.454588,-31.584726
-11.0331745,-14.263741
-20.178938,-16.19417
-24.791239,-34.274235
50.90013,-1.512925
52.99643,19.996504
25.33968,10.436348
-8.187905,4.787464
-10.189265,-42.892536
-13.4588585,8.731102
50.15078,25.799318
-45.904827,12.688308
31.148016,-13.145793
-14.026249,27.347536
-17.7158,-22.32505
25.848986,39.617313
14.671978,-35.286137
-47.482437,-14.231036
36.597088,-22.814714
-40.17452,6.740983
45.907173,21.993217
-7.9799423,32.906845
24.922544,-8.0051565
45.692524,-17.027424
-36.470276,33.370037
19.087595,40.125237
-43.541866,-0.3259492
50.378113,-15.0316515
-33.47626,32.01336
61.337166,-18.615555
26.797686,-6.785061
22.503302,-44.601425
-12.46829,-11.7129
11.665476,-22.106304
0.864656,27.136623
-11.977206,-40.26229
-12.069519,-40.495346
-24.318232,-0.5279805
35.151707,-4.6379128
-64.823364,13.218332
-15.713587,36.95352
-2.7392018,36.635674
13.34022,-21.871462
-31.811152,20.303547
-40.887535,37.737232
-28.203465,8.318428
-36.08043,-17.97876
-13.538584,21.367208
32.651638,-6.5407686
44.38165,22.363607
-33.040226,-6.1891212
11.054669,-26.034222
32.56981,-33.470383
26.522009,38.08174
9.445368,38.222275
19.067587,45.17953
-3.540089,34.213993
40.219276,3.5277088
59.61599,0.8286248
44.61292,-2.5507276
-30.049362,39.4727
-57.355774,29.935612
-27.817629,26.318007
-65.914185,15.664824
37.589993,-31.122644
2.4455671,-9.347516
-8.233753,-29.575487
42.24711,-14.898255
46.446064,9.942867
25.562962,3.2560341
49.276783,12.098846
43.05533,-19.954014
26.074497,-7.7393155
-51.58561,-14.159588
-17.955172,6.708431
-18.379839,26.538603
47.81754,14.677079
48.19965,-5.376941
-32.80666,22.79401
-63.084755,6.1556516
47.91991,-19.100845
40.148632,27.809837
-11.524032,4.544194
49.707428,-9.447131
23.438272,-13.431768
-58.942528,-6.6263943
31.953712,-8.3700905
-7.001974,-6.305592
57.93634,1.2017461
-21.61331,25.225166
7.896797,41.248806
-41.007988,-35.61043
31.087454,-6.5225077
-28.73233,-5.3938236
-9.773456,31.817081
-4.593893,-13.504606
-16.609404,6.928897
56.713394,17.033585
13.816769,4.5123963
-31.7755,-1.5730411
-35.322365,14.398272
13.841155,-48.68688
24.200197,1.9966224
32.309963,-3.9589863
-10.334763,7.4066806
12.211102,-12.706029
42.191708,-16.245026
3.4382944,-12.382302
55.147373,12.735093
-26.371765,20.611172
11.87205,-12.766422
2.2059932,-22.541529
-15.719663,43.077984
56.90538,-0.42795438
-14.484395,-23.797234
-10.046985,-12.429011
-39.62046,5.78987
-27.576107,23.442545
-30.141241,-15.910818
-66.14051,-3.042737
-2.8977075,35.375526
29.476723,-27.201628
39.653698,6.529335
-3.5667577,-10.515389
-36.07138,9.261893
50.12921,-9.909554
15.074938,-44.377453
19.504833,32.12924
10.576075,34.914944
38.013706,-14.211741
54.50228,11.570184
22.948807,-34.849796
11.887479,-34.220387
-30.396706,-28.967196
-30.693163,-28.696913
-8.954881,-8.280946
-7.93163,6.3155723
38.901318,28.05568
50.036705,2.0775537
58.551624,1.4011185
46.764984,-17.194258
-30.070257,-20.44809
-54.28191,11.506721
22.269684,8.530942
-63.050434,15.800097
-54.577087,20.006186
-7.002544,31.928293
29.944345,-4.2709284
51.816578,-16.138926
8.962695,6.403716
16.889854,2.23324
45.33389,2.5884025
-2.761112,-11.198748
-21.153051,33.667618
-11.427084,4.054274
-21.330956,-28.059378
55.836754,19.341833
56.769077,19.159014
20.03725,-47.63741
29.04469,-44.80738
-21.295046,-12.562827
6.6724725,-22.751287
-25.697433,4.5166516
-17.844902,3.4484775
12.314491,1.3845333
25.132215,-16.210266
25.678211,24.969332
-22.868845,17.573193
44.741543,-26.947742
-29.079334,22.174973
27.561169,24.400476
-32.370667,19.246326
-0.17582186,19.967447
26.949568,-29.401793
5.473449,14.94893
45.818874,20.37915
13.370318,10.541926
9.147125,-28.355143
37.670845,-0.60121065
27.859938,3.5793622
-44.028084,21.604906
-23.21061,-36.543938
36.469765,20.81789
-23.976645,-0.083075285
-16.730288,-19.734497
-3.5563195,9.846984
2.924816,36.968285
26.0815,-29.161156
39.55542,7.760644
43.76238,-23.564157
40.639988,-36.90578
-30.48786,21.206274
46.64992,20.189802
50.77189,-8.068828
-0.52899945,6.9680514
41.2001,-16.001959
-23.899477,-23.00434
23.26991,4.1092196
-13.40504,-24.440367
-64.51896,-1.3045393
50.520878,-18.502382
18.10244,-16.043386
-15.79702,12.607307
-20.090618,-7.095101
-2.6643317,29.458921
10.230898,15.9154825
60.142708,-0.22506423
-64.172066,-7.358876
24.437164,-5.1160283
-63.081707,5.1310987
6.504041,-28.439987
9.605062,-10.338975
-38.19331,6.619968
34.739346,-31.827185
-33.293587,28.992218
-2.8853037,-8.727306
25.815277,0.37124422
-9.06276,37.943733
-23.887342,13.210136
-40.194138,16.720768
33.65634,22.517778
-55.15184,-11.089996
41.389072,19.66735
12.715143,-21.444984
-47.548893,-0.51491755
0.22613299,32.836823
15.762648,33.63313
12.711955,-16.618412
-21.531097,-31.28303
-31.946434,-25.151266
33.057167,22.094341
9.635762,-23.032825
15.09135,-36.651676
-3.136987,10.000061
-24.389563,15.586077
4.409236,34.713326
-13.705361,40.779785
28.580927,-28.400324
57.752815,-0.24576248
54.936047,8.646117
-67.874756,0.952008
-42.36935,15.84686
0.28956842,2.9490554
22.068537,13.612792
37.835476,-15.688078
-44.353638,23.847204
24.617622,-4.328023
18.32907,31.298473
-14.022317,-31.237593
-24.452768,20.467169
27.29118,6.4419985
40.154316,-26.299635
13.8928175,-7.2280283
12.22844,31.982565
-24.400032,-23.78565
-28.959871,-23.14494
-21.42245,5.547648
-44.83211,7.6033964
-7.3183184,-14.677802
-8.9917345,-13.517869
8.653925,33.61249
-14.727921,37.80744
-19.125298,-33.25005
38.965004,31.02689
4.1402955,36.816166
-55.32985,23.316101
-36.445045,0.6452658
-63.687904,7.968016
2.8655303,23.888317
29.59248,-19.413488
-22.755651,23.018616
34.382294,-5.3189282
-26.800583,-3.0742528
37.65842,29.72721
41.673786,-38.78584
-31.992939,-0.9357586
12.376957,-16.948538
14.864822,20.90536
57.977962,9.998433
-18.180897,-26.18916
25.563974,8.269682
30.625896,9.585475
4.2208767,-10.849261
-38.169815,37.412086
-14.268912,44.52031
12.671927,-25.600899
2.6439326,-26.610619
-31.438532,17.784805
27.48683,11.766274
-32.66549,24.957052
26.514233,-7.530584
-21.861336,36.83237
-46.556515,14.835811
16.32702,-44.632267
45.344296,-30.452147
55.37069,22.91501
22.31665,11.318474
34.898407,30.674004
34.31116,-10.021236
13.853627,21.388355
-14.702717,-27.656712
-65.72537,-0.025958408
-38.54326,16.881708
-34.82597,16.412611
-12.957218,-14.324693
-36.67519,-31.595833
42.95314,-30.801338
-40.817455,37.8452
-13.134488,15.142522
3.4855354,4.813041
-22.597872,35.48747
7.8258657,1.2656356
26.276514,30.072573
22.413061,-14.526239
48.72377,3.107291
28.491077,5.681505
46.551556,-32.567596
37.05572,-40.474285
-31.949255,25.262234
-40.194843,-9.889396
34.168015,-4.390997
-0.34092897,-20.062935
40.24241,30.037346
15.109333,-34.93476
-32.72753,28.328342
-12.88359,12.37016
50.951115,-17.534746
5.389145,14.896959
-18.257446,-33.975185
-5.083936,7.988324
27.475296,5.1588373
27.204365,8.269053
-39.3502,-3.874071
20.897356,40.252262
-7.4217067,13.067309
6.7805414,8.957362
-58.103634,24.456852
5.932577,34.014557
-43.942616,-1.1130445
54.648026,20.06605
-4.6578317,-29.115116
-24.34638,6.284848
5.2904725,36.00098
-40.097515,17.96012
21.253365,4.3764076
36.997013,19.045116
-28.456045,-31.229792
30.819777,24.189966
27.250359,-18.938305
46.458538,-25.896881
52.49497,6.907589
-26.369673,-10.84672
-8.620583,32.909378
25.177845,22.831553
-63.771225,21.589214
61.292046,-18.299734
47.888905,13.199492
-10.607104,12.382985
44.34335,-1.1646241
34.178535,-30.222097
-37.211357,31.437132
-31.310577,-21.075994
30.286034,-8.842191
3.9602015,-46.19381
-8.193494,14.187739
-40.104256,-0.7956967
27.670277,-41.39702
21.201212,-7.576829
9.159036,-28.510525
-1.5403887,33.646084
-46.582016,-19.415016
3.3005798,17.39569
39.83873,26.966944
51.381653,19.722776
3.3846252,12.17774
-7.354147,6.6873426
18.298311,31.09932
29.093498,31.367453
27.279196,0.09238891
14.583296,21.551691
-19.811216,4.578848
44.03595,25.391233
37.8041,-14.074926
2.7876773,4.471773
7.774316,16.723629
-29.22605,9.938262
26.238947,28.911343
-22.006577,38.03086
-6.841774,39.75672
-14.340897,-32.051903
30.069471,-31.116627
29.522367,-2.0357072
13.945909,-24.296503
19.01616,27.716637
28.14421,36.106293
-19.15027,3.2969792
30.656023,29.225216
-15.116746,42.748066
-38.231266,16.915857
59.202557,-0.4314825
-48.439354,-7.3599887
32.56265,-20.325062
-49.136436,9.83648
25.731228,4.6294355
33.409016,-3.6873958
6.620035,10.472655
52.450333,-16.323206
-0.4827664,-9.1840515
26.829042,-0.9720857
10.304601,-24.826097
-50.06942,-8.673105
41.64006,29.564543
34.75359,27.457146
25.719666,10.479382
15.421411,-37.197987
31.736967,26.269524
9.132457,29.547396
-24.01751,1.9710951
-8.258415,43.130074
-36.53739,19.660553
49.610718,-14.067568
32.929123,-32.00854
14.249184,-47.006104
46.551098,2.8682501
1.5575327,28.857267
-49.36014,18.352741
33.77117,34.68255
41.274357,-28.459703
-49.22136,-15.603074
-40.88837,20.438128
51.57203,7.257474
48.203663,17.779835
-46.847824,-13.378883
-6.607064,-7.022846
38.11688,6.4835877
-35.51909,12.222176
-57.056602,19.794683
-9.840857,47.94166
22.480997,40.594746
30.402466,36.8618
23.880201,24.729557
-29.30544,35.351112
-1.4853464,-28.075323
6.6461687,-42.98326
2.7487586,-12.840255
43.64214,-24.366266
-51.070747,12.663795
-34.77838,30.348175
28.040062,-44.697926
31.88428,-34.142014
26.823254,12.432386
45.424698,7.38369
37.965466,-17.958921
40.528305,-29.806578
-22.280169,-1.8149828
-10.280117,-29.225086
-17.964518,41.09893
-3.782589,28.185572
-14.746781,42.63949
51.486954,-15.517158
-8.400639,-12.430775
-22.008474,-13.517872
2.1547062,11.128491
-14.574874,15.948181
-20.482517,-29.337349
-57.78778,28.534563
-10.224235,-39.42539
23.268555,23.786627
14.042294,-10.355396
-45.047997,8.45222
21.85185,16.565128
4.071638,-44.053043
27.66342,-28.914253
-62.126087,24.7485
-17.474857,31.364994
25.706804,23.16027
-22.213303,-21.497046
17.861755,27.929401
-19.789543,39.819447
22.374004,-12.563232
-29.465242,-27.181252
58.815895,10.06799
-37.295647,-25.728447
9.86769,1.4827045
40.225704,-28.419022
-10.460099,37.748234
-21.831264,-13.254579
50.145084,14.624274
-43.120384,-3.9755507
21.760616,6.7989907
1.3362844,-25.800348
27.40731,32.375656
20.61723,-15.280961
40.274155,-3.269755
-42.240345,-3.3133025
-15.185649,43.624702
-38.24424,8.661861
-57.26371,24.043552
-24.291811,7.577332
48.336517,-10.852582
38.018402,-22.748466
-36.20157,32.058735
12.002501,-3.2147143
42.371758,-18.150677
-5.731288,-10.767435
-3.5109813,-28.40307
34.530346,-6.819116
-43.18189,-6.920109
38.40362,-31.451618
-30.304956,-19.479523
23.386913,-41.493214
-11.525191,-8.0597925
13.305558,-39.26023
9.784192,-38.88514
12.1163,5.9501977
-10.231309,-6.7837586
47.359425,18.837677
61.50817,-16.816044
28.982805,6.359321
25.332466,-35.96927
-20.051964,-6.3840775
41.321926,-26.945766
29.314884,-3.7030146
-58.34388,27.32072
-5.2766895,6.2281203
-19.611677,-22.340767
47.28752,-18.26026
51.730408,-8.231962
-3.5810552,47.938293
-3.9517574,30.390219
25.514685,-28.913792
45.08981,-32.767372
6.159681,24.123926
40.2671,-3.1540046
-15.46628,-13.228896
33.210705,28.39058
-38.292206,-1.8698716
58.860046,1.0183134
-30.801117,34.714066
3.6232316,17.553347
12.517307,-1.2887987
-29.664495,30.105402
-5.671732,-9.69023
26.702272,-39.94292
50.102566,20.06557
51.75964,8.7948675
-41.976463,5.8069677
18.284536,-23.887518
28.593224,-20.884977
30.777206,26.37736
9.819038,3.9289305
13.305172,-35.15516
-48.16385,5.946027
-18.920614,-36.45732
-47.85775,7.5471025
55.561558,10.342593
-41.504272,17.41678
-26.763466,-10.649205
47.406246,-31.650757
57.148186,20.804907
-33.41678,33.73919
40.43565,-42.095158
34.304333,-19.385109
-31.207838,14.17459
51.36144,-17.260221
50.85563,21.84289
-6.261989,12.774029
-44.30155,9.948673
18.689312,31.995394
-45.51831,-2.2254026
-10.933255,-32.081486
-56.865677,24.483322
-24.195583,-0.03650424
-5.847822,-11.508592
35.905315,-5.6212454
31.080322,30.682808
-64.03709,2.6809142
-0.7835932,-36.234943
-16.318888,35.6155
9.948521,28.666819
47.43454,4.756285
40.722057,26.604197
-18.426498,-23.395636
-49.307095,-9.163193
-32.286407,-3.200061
9.153844,0.6530157
-47.116585,18.858753
-30.96727,27.878016
18.931211,-16.518595
49.34163,15.4539175
-11.763823,38.140057
-12.575421,42.61117
35.265396,17.565832
61.39307,-19.24437
7.0953617,0.7215459
-20.363892,39.163036
-10.050464,-37.573135
2.026815,7.3158097
-59.56532,20.858788
-46.308056,7.6877303
-15.714332,37.833584
-28.749537,26.534294
32.25847,22.268053
19.905367,16.423927
41.391422,19.69026
20.601738,-44.01493
53.532436,19.906736
44.22009,-29.183252
-16.905077,-23.99598
43.785393,-11.272469
-12.629874,-35.167305
-66.151245,17.489115
-15.86768,43.454407
-28.01965,-1.990684
5.213985,-23.715967
-29.974136,27.333523
56.90598,-17.417664
33.844723,-3.1545956
-16.60097,7.3804493
13.044114,-23.461853
-25.011877,-1.0442632
-57.834873,21.17938
0.36265844,10.324593
45.565994,-33.423653
4.563263,4.130492
28.8015,-35.884827
5.56146,11.928747
-2.2496095,-13.321798
-4.2991157,-14.623705
46.27793,-20.816547
3.480764,-47.716087
23.889498,13.350851
-47.357433,-9.498675
28.05232,-8.853319
-3.2692788,-11.766534
11.662132,35.738228
6.677302,17.851723
-60.55263,25.246784
18.323128,-45.229492
48.51363,22.071564
-12.387628,14.92218
50.39032,-11.897238
20.43916,38.428093
38.009468,31.562492
32.66963,29.599619
44.523087,13.032568
-10.706223,30.09068
-16.938763,4.336446
40.49143,-27.45004
-53.29776,11.776546
13.339057,-23.364574
-9.033108,-12.626738
21.048807,-45.16884
-29.45259,-10.6734495
23.287674,-15.046979
-59.54092,-15.805191
42.91497,7.308995
38.321823,-26.47812
43.446815,17.980577
12.111303,35.19721
50.782646,11.100873
31.464455,23.734419
6.659409,-42.707657
47.500175,-14.535095
-32.267776,24.096094
-22.201014,26.804684
-21.737192,18.993168
-16.840847,21.535458
1.3693073,-24.516743
8.538598,21.95997
21.856312,-35.500854
-48.64805,8.259998
-8.256214,47.299076
-49.267517,-12.089552
-4.598259,33.47689
16.387215,-45.533367
19.69884,10.089968
26.012762,-23.887238
19.623379,9.368744
3.2234056,-23.443386
-20.826307,33.52719
44.908295,-25.46018
-1.51038,36.162067
-0.055100832,44.821354
41.17372,30.555912
14.894475,33.53648
-2.8849583,-10.433726
-37.925327,-2.9094117
38.043095,-17.600727
-7.54251,32.3125
21.172161,-27.371552
35.931118,-30.379902
47.539745,-22.272642
24.659586,-42.984512
6.859034,-45.333065
-15.060327,-28.973417
-44.075638,-11.103237
49.676647,19.112259
-31.755384,-31.306297
29.194208,-33.734097
11.440026,-33.756363
-2.473997,19.245674
20.0187,11.401777
2.1077836,15.317236
-56.181664,-12.190888
16.368547,-40.659557
-23.575367,10.686887
-5.733169,-8.392413
-1.1146367,45.0241
-50.998886,17.45341
22.167406,3.3671074
10.3422785,-35.28155
2.7815378,20.5957
-26.7626,3.6246967
36.807556,-41.27681
-4.3473563,43.800476
36.021942,30.27065
-13.28237,7.935406
-23.136915,-5.8540826
39.25492,-40.625492
-18.830105,40.028023
-29.792234,38.57023
34.06849,28.490383
16.036976,-48.986317
-47.738293,0.08957249
-17.737614,41.83239
21.66944,-27.423643
19.512787,-0.8675139
-35.704952,7.0296054
12.943294,-0.9676459
45.922977,-33.0587
14.522192,-14.217928
39.679646,-27.569366
22.49882,-34.539352
-20.231083,16.776146
51.065197,18.132198
-41.332577,5.9160204
-33.879078,12.326333
41.965702,20.581373
-46.686,-2.6145442
-3.4979692,35.780697
19.170483,6.5819235
-5.8684053,-12.170865
13.220826,19.238197
54.906296,22.645226
22.078556,-35.5607
19.01499,11.443813
40.058044,-12.440912
-29.59098,-1.8304807
-2.719428,-26.056324
57.885086,-2.1368287
21.339455,12.100985
37.937656,-12.777961
-10.330384,6.199532
-47.773705,1.186279
-23.266312,-5.8976316
-44.426277,-6.4445114
47.80644,6.2863674
7.8255353,28.148212
-45.49903,14.607465
-40.48315,7.887259
-19.25286,-29.836485
-5.8631387,2.3494399
44.570274,-17.92576
41.292572,-38.41962
45.934475,-25.630178
-59.187733,22.292318
59.552265,-0.083778866
-31.852707,32.16294
13.615255,31.03152
47.5393,-24.436369
1.699963,-26.55883
-4.412638,44.767845
35.45855,-33.700558
5.5375314,-24.558073
34.130238,29.873516
39.020477,-11.802734
-19.742184,-28.234398
35.770958,-12.2101
14.926057,22.257944
5.6188464,-44.313065
27.59716,36.795815
19.505014,-20.29239
-12.73864,-26.407581
-27.855856,-10.094452
31.890032,-15.3490505
-13.363862,-6.826674
-35.738354,10.823743
24.981998,39.329445
20.5401,3.430374
-20.01557,38.296158
35.94217,18.780003
46.4305,6.5949717
2.2660222,24.758526
-23.376373,34.2568
-10.413684,40.71249
12.650043,-47.830956
50.535362,-8.238912
13.052768,-49.91434
-35.561996,7.9439244
-13.06489,-28.61825
28.938885,-17.966494
-15.767218,40.188538
-0.050574295,9.809414
-28.131227,-34.122543
48.30167,-18.421997
-3.966224,32.6125
-13.388076,-27.928967
35.229534,-23.10706
-40.39562,-9.930317
34.871536,-16.281006
-11.572325,-43.468136
6.4617033,22.809578
27.885283,-27.740503
-48.358334,14.087219
-10.006105,-11.475496
-3.9982138,47.747566
-48.704826,-12.737282
7.329886,-45.399994
-54.171173,-13.120475
25.84609,-23.941826
16.389727,11.959897
31.252924,31.334366
30.27419,-6.8020086
-29.07386,25.07855
-11.992215,-5.1701245
-35.546696,-2.5614703
12.19389,-23.368061
54.93909,20.578932
28.004059,-4.0962825
25.911564,25.793686
21.089056,31.864084
23.338655,-27.309519
50.454346,23.480831
-44.25069,4.5648437
-28.45975,28.034193
-33.885536,37.12685
25.022038,2.7769966
-6.8611984,42.676105
25.806356,-27.245327
22.476059,31.526756
26.14775,5.749065
14.967537,43.420532
-41.67379,20.31245
33.308224,26.69233
8.401554,2.1445549
22.765646,-54.668465
-48.349716,31.06461
0.06476952,15.960505
24.107481,20.166258
24.958303,-47.446125
18.913893,22.18938
-22.94134,-13.418885
-12.170495,-20.851784
9.817176,8.733906
-30.690348,-34.67684
6.1939015,30.313606
19.408892,-51.709427
21.792864,39.679592
-4.478974,-28.07408
-39.75441,-31.211817
-0.2726007,12.73348
21.80282,22.386942
24.123446,-50.7317
-57.353474,-20.09518
-0.36602548,20.910688
-7.82166,21.431639
19.526608,20.250994
-8.6814575,22.678051
49.930607,9.471387
31.500914,34.096558
5.1828504,28.67051
38.143295,-8.562657
18.726362,-3.2959046
42.21701,33.93781
26.299568,-52.25212
16.952707,-49.670906
21.098635,21.116346
-39.88615,-27.817589
-59.757885,-16.790247
3.1778393,7.633829
-39.11585,-28.334385
17.631493,-46.876255
1.4412436,28.628601
15.85985,3.1509116
-39.391224,13.846863
-10.515988,-15.970978
-31.678635,14.129721
-29.998863,-31.0007
-60.0177,4.6417165
51.09624,25.286036
-47.808987,5.578433
12.809971,-46.82151
-34.910973,-32.75397
-10.11859,-38.941063
-50.144855,-8.736481
-21.996029,17.288858
-14.001842,26.90812
-18.361088,21.378681
-58.447704,-17.29073
-58.314445,-17.661928
10.076434,27.918493
-26.0941,7.440894
-60.52996,23.073606
-54.379436,5.2084827
-54.999084,-15.023383
-16.72937,-33.863735
46.740852,-30.206459
6.859019,3.8333917
-40.60622,15.775371
-0.34773597,-23.667648
49.518723,-13.83478
-47.764034,-7.8682456
57.739124,17.942793
-39.200912,20.965229
48.756275,-18.904531
-22.541298,-33.041245
-60.572277,-6.20351
-28.809332,-3.0615797
41.270004,-1.3258197
-25.236624,-37.71315
34.96977,26.958216
-49.846203,-13.209692
4.250218,-13.460681
28.780722,-41.980816
-62.61331,18.661238
38.4766,-13.530216
40.157887,-30.858393
-34.949448,33.058346
26.174324,-22.700796
-8.340726,28.721085
-23.96002,33.372185
19.315702,38.748222
15.095581,-39.338913
-5.7493634,3.7533417
-41.626427,14.665014
-34.71227,14.728078
-20.717192,-24.042776
-18.977367,3.1929986
-18.931894,37.623703
10.395297,-31.121944
20.092072,-15.17425
-37.77278,17.531294
-38.156067,21.154036
-17.517805,-23.015903
-4.9213586,-38.86103
51.61371,14.38098
-14.962841,-26.245872
27.05541,-23.857298
23.105213,16.478508
-37.33913,-25.996202
13.552523,-24.775196
44.445995,2.51379
-20.721106,13.8644705
-37.51902,32.203102
-60.52556,-13.654321
35.36613,-0.33939287
5.963633,37.43526
-46.69002,-19.461327
-21.216272,17.175436
46.180702,-32.031124
-17.233614,-39.431095
49.783314,-16.34828
-45.36094,-6.34727
-26.597315,5.642027
-49.62454,-23.244957
-38.658092,-14.1658945
48.61633,-24.887419
44.589153,-12.762946
56.578835,-1.0380148
-66.50372,-1.9567343
-8.654131,7.2791286
4.0045614,34.905663
3.450739,11.273408
10.972194,-25.073792
-24.89456,33.056026
-28.541908,-4.9872704
-12.997414,-24.820183
-36.587505,-36.20892
-34.590137,-14.347226
-32.896217,-23.94451
-21.835663,26.100836
22.31818,-15.761471
-48.992733,-15.186265
-0.8003553,46.294186
-49.13953,31.67042
-47.997356,-22.162807
-8.014169,-8.518702
-8.080375,-9.053031
-24.350952,-31.12616
51.81647,10.60672
44.274277,23.828178
-29.819384,3.8174174
-50.889187,-24.822361
9.107199,-5.094489
15.3213825,25.738375
29.160618,16.61579
2.0678053,31.15195
16.683569,-7.858904
-47.93266,31.771868
10.00088,-10.112956
-29.936575,-33.387287
-4.2096605,-24.20945
-0.03460458,-2.3682396
-24.73361,-11.819472
-2.8027806,-2.4445977
-14.36164,-43.049088
15.977281,20.502638
19.48872,-36.28295
52.037457,7.8945837
-53.93511,-23.980822
59.64532,13.617659
55.46586,5.7037764
-9.325701,19.716127
-29.13657,-15.346433
1.7764798,-1.5747497
-33.120632,8.863897
54.425064,-22.181324
0.07538337,-0.24043709
-28.503815,-37.90175
-32.45099,-25.794897
-11.113066,23.324942
-21.397617,-30.035217
3.007447,-0.6621001
-38.784885,-28.694796
25.418783,-49.973804
2.5030186,-3.684323
-2.6788852,49.012096
-4.1492114,51.355614
-10.03171,22.751057
1.631813,44.105034
-39.256596,-4.118174
-43.692066,2.264778
26.195925,-42.53661
-65.016075,17.560205
-68.089386,0.54005426
-56.282406,-2.2211003
-43.69965,25.230156
-18.272993,26.811314
-65.82276,3.0482912
-32.412323,-28.680758
-59.338364,-7.4274535
43.258537,-17.296494
0.40609148,-42.493786
-47.550316,-1.2668542
36.058434,-17.960754
-38.186985,13.47776
-0.4101559,-47.08229
-46.136814,16.170015
-35.373135,-29.7728
-34.881588,-13.270815
-38.771954,-14.458693
-20.648968,35.02201
-41.483498,24.476225
-12.055081,-6.645831
-7.622976,49.346916
-43.07214,-20.77332
14.061231,-9.604573
-37.78061,35.56738
-8.802619,-42.708263
-16.200794,-19.087843
-59.50137,0.70872587
-63.188557,-1.7871287
7.932972,23.621977
-43.262375,-6.3502746
-68.09458,8.607631
-32.697506,37.458694
-29.008713,6.321326
-59.802162,23.015375
-23.900839,36.60966
-25.098703,30.990652
-7.5393414,-29.42052
-7.379269,-32.665585
35.02465,-17.411467
-60.469643,0.5139315
-1.5268694,6.549387
-66.283615,11.710766
23.8327,-42.272484
30.071796,-35.624416
21.92694,26.50208
-36.454144,-36.32334
-41.668385,3.9366274
-50.16202,10.296098
25.011883,25.702723
-53.059013,-2.057186
-43.552994,-4.0914407
48.55461,-9.983984
-61.841248,21.598206
-50.922688,-5.5821843
-67.32546,11.960822
-4.0157146,6.1069403
-64.72743,12.4771185
-4.9675417,4.708555
-39.55829,35.317352
7.5530505,-32.619335
-34.845474,-4.7134776
-65.16009,6.3307643
-24.465076,-25.101917
-61.660583,-6.021983
16.952326,12.991197
-44.03828,-5.28845
-41.371964,14.155532
-31.32726,-15.207141
58.26479,-0.8652097
-54.850708,9.463591
-65.62939,-1.3865659
-24.12011,-3.619655
-66.79375,11.602611
-48.497643,-23.404907
-0.16051579,42.813667
-44.421253,-13.799271
-56.66936,14.421028
-42.68105,-4.6404443
-34.34182,21.048277
-1.2266668,-38.998325
-34.77716,-0.37532496
-49.355186,-14.174183
11.810471,22.05757
52.60246,22.06403
-29.20377,25.704254
55.557907,14.207254
-19.505493,-7.713894
10.283137,-29.101862
-59.470737,-14.808855
-60.762238,12.586466
-21.367865,-1.8357319
34.517128,-6.3491077
58.76641,-19.549435
-64.398186,8.394648
-58.925983,21.333551
-37.047775,-14.906483
-46.439613,18.309622
-49.275578,-21.890413
-61.664814,1.5760863
32.839767,-30.109169
-53.975082,-9.963701
9.418025,-0.1514698
-23.760117,11.39418
-12.470714,-30.292591
-36.262455,20.646595
-25.770922,-28.051783
-27.779528,-3.10514
-65.76234,1.2929822
6.095381,-46.25687
-34.47826,40.28468
25.881107,-19.514603
-25.638779,11.3851385
-31.743002,-18.35102
10.443185,-22.662018
-0.8577362,4.3467026
37.511242,-12.05733
-37.61271,13.477111
19.125885,39.663567
20.812723,-29.50906
-56.891018,17.809298
37.66723,-18.892414
-54.98322,-12.261081
-54.5304,17.7842
-28.582594,-30.28379
40.76286,27.340834
-67.40143,-0.29596177
-55.03504,17.953224
-35.415367,17.711817
-55.534164,13.775251
-35.162197,31.015413
-67.29519,7.38138
-63.80641,12.204544
0.31454903,-42.46392
26.22352,-19.372442
-65.58496,0.055462044
-63.38418,20.224716
-28.412222,-13.045838
2.3269682,2.602188
18.098806,-24.140884
-10.388069,-6.5321846
-15.096787,5.003882
-67.76489,-1.5971835
0.16285557,3.462103
-7.485073,14.157614
-34.416294,-5.587967
-48.51403,30.359262
-66.249,1.5135403
-35.345043,-1.2082822
-63.957172,1.7655175
-25.084822,19.536592
-49.173717,-1.965029
44.656143,-13.333319
-65.459656,22.123268
13.982264,20.3658
31.2449,-34.581543
-47.862797,22.335064
-52.75944,-15.602213
-48.377625,17.974657
-21.395706,19.327662
-54.239494,-11.514228
-47.844807,2.0104825
12.579374,-26.443026
-22.31718,-28.66099
-2.6654732,47.466396
-38.024498,15.74821
15.9727335,-18.330688
-3.159293,-38.592335
-15.981961,5.6738744
45.303493,18.205143
-65.29356,-3.3352923
-67.054344,5.0300107
-63.69424,17.289429
50.459908,22.375542
33.930336,-30.755621
30.873365,-31.615232
-42.632366,-24.787352
-22.289959,-22.742199
-63.110577,9.205664
-40.615143,1.593344
-58.96235,4.417408
-9.251136,-21.243216
-28.503784,38.35894
-0.76278496,36.147217
8.719072,22.564861
-37.70169,15.332502
-21.798649,32.394314
-58.018024,-7.759416
-59.72045,-0.1083281
-36.74748,-15.508472
-43.01301,20.806648
-13.88672,-35.601734
-46.064316,11.939654
15.967045,6.365484
-67.454384,3.7720668
-36.45206,-4.320295
-40.839874,-6.698916
-7.346676,42.32141
-6.7877393,-32.28711
-56.524548,-12.563968
-63.386753,16.390724
-15.782604,-30.622528
-37.867836,18.841974
-31.455053,1.4415402
-2.4129152,-38.51314
-13.934679,-10.289023
-38.933838,-29.240969
-27.250591,-37.00761
19.022488,21.617851
15.8125925,-7.1345687
13.425896,25.672436
-56.625454,-18.962498
50.836052,26.65691
-11.378294,-9.754093
27.85933,-24.765322
-42.101425,-31.01645
-30.420464,-34.952118
28.763348,19.455845
-5.7461486,-16.63867
4.536756,-2.550854
-14.931523,-10.266168
-20.685438,-36.18862
-51.16,-25.531132
12.095884,24.816668
-3.6728523,9.106782
-23.717432,31.923977
9.18238,20.393957
5.1144347,-10.024302
-14.062568,9.985215
-34.05423,17.883308
-60.384068,-9.483948
-59.552513,-6.628865
-57.932976,10.991864
-44.589085,23.012793
-43.932236,14.181362
21.516376,11.012125
-36.704594,-28.085876
-58.697445,4.7929115
-11.058531,-0.112598784
-14.993028,40.127445
14.296635,-13.289587
-26.655949,38.080196
-17.051327,-11.511592
-46.02333,24.682915
-38.948883,-31.610807
-61.346367,2.7376108
-55.194744,-8.349049
18.772142,27.65938
33.739124,-0.86755323
-41.33524,-24.867641
4.6491985,-20.812113
-28.635632,32.421505
-49.692127,-5.9612203
22.92132,-41.125427
2.1785178,19.198448
-24.749832,-33.55877
3.8929715,-33.661156
-67.484604,4.2843776
-42.628914,-23.739096
-27.494944,-17.87366
26.499245,33.497444
-58.724503,-12.116997
-23.133032,37.083424
48.042564,-20.361233
12.178187,-16.49873
-68.67429,0.3775984
-40.65452,-10.759021
40.638226,-16.993803
-60.242847,-10.528538
-67.81082,2.7149088
-37.221775,-24.659716
9.465496,33.803837
-30.42272,35.863792
18.132277,1.4349871
-60.808224,25.232246
-12.817089,9.477711
-41.374172,4.131452
-21.09205,-24.603521
46.0363,-28.477509
-24.84236,-35.194775
-45.300087,0.08813284
-7.7680798,-30.274422
-41.335724,-5.519205
-59.995678,-9.17825
-40.288185,-36.52931
-48.98672,-13.151999
-57.554604,29.548883
25.990154,33.583122
-18.569927,40.5699
-51.91278,16.699785
-14.488934,-13.179177
-24.256117,36.973385
-40.27893,-28.612461
42.8489,-16.298271
-27.742657,37.85261
-47.734543,18.46386
-35.65747,0.5780154
-48.91058,21.04926
-26.31311,-33.379715
-62.41488,17.683907
-46.5928,24.952097
-36.595516,-3.7529063
41.275406,-3.1174245
-36.70064,5.368813
-0.49087346,6.4154453
-53.3478,14.312834
-25.588617,-20.54524
1.0096661,36.3892
-58.90455,-14.247134
-61.61096,-2.3836486
9.390493,4.5460143
-33.521446,-23.136303
-63.054066,-2.3671153
33.16251,33.390266
24.8999,24.675772
26.157446,-5.1517406
-52.72814,12.296512
-54.695255,-7.7614064
41.9777,-25.367233
-8.220703,-31.841352
-14.632144,-11.64676
32.706787,28.073141
-45.494335,15.111465
-19.08268,-7.0384436
-55.411846,-10.528223
-38.92404,32.094208
-62.98405,20.590216
-4.8323655,-15.077715
3.7519593,18.622375
-33.083595,19.526846
-4.1194053,8.099553
-19.09162,-5.215396
-59.468044,-14.336289
-22.587435,-34.24509
-54.711216,16.39537
-22.898357,-2.3563445
-12.868571,-10.646544
45.844574,-18.22864
-19.375023,-27.12523
-9.508048,4.4526973
-11.672167,10.682762
-56.65562,-16.199404
-27.962278,36.463818
-24.858713,10.055509
27.377216,-43.27581
-47.664284,20.795918
-10.100285,-5.835199
-40.414955,21.057892
-63.72189,-0.8749498
21.238052,13.725248
-66.52954,10.984089
-36.674812,-6.5351396
-31.907234,15.747648
-39.89418,15.241873
-58.95891,11.059868
-39.126987,4.398743
17.752893,-25.633469
-21.579336,-13.5453615
-37.10157,33.180813
0.8233522,-32.334743
-38.301487,-15.128165
-51.008163,-21.556255
-19.151112,-14.525528
-40.863026,-35.74204
-46.191307,-4.3976097
24.887173,-45.655632
31.760574,-7.5067782
-10.833668,-31.485525
-0.12223481,7.3904433
31.447515,-9.393888
-65.90695,16.544306
38.576923,3.8913128
26.927673,-38.90623
17.486734,-23.177626
-23.448175,-27.658087
-65.251175,1.8562464
7.579523,18.822338
-48.45838,-24.417248
6.70795,27.201063
31.112862,-7.9531083
29.150652,17.65535
-5.756682,-16.868652
-8.802052,25.414217
-10.605391,47.694534
28.947285,-38.10456
10.672238,12.691531
-12.742941,-21.356485
-0.7021034,51.391247
19.970194,41.600197
-2.8755763,51.88428
1.3404794,51.606426
36.659966,10.63966
-27.870337,-14.280083
17.259113,43.089027
-3.3450134,-3.0433257
20.819996,34.03284
16.063017,-30.450727
-52.704082,-8.234376
-25.283897,29.800407
-6.1885815,0.1857407
0.18704237,-4.3023705
23.696276,43.79354
-28.372913,-38.951214
-58.463383,-21.457129
40.074497,-4.08059
46.139782,14.567129
19.40766,-11.748564
-10.506678,2.0601687
7.5019264,-41.962914
-51.847015,-23.781689
43.677475,-1.9065214
-5.7776203,19.256187
4.5536237,-4.5008793
62.41831,-16.84542
7.4021206,6.2715497
20.408487,33.46411
-52.910378,0.9452215
-1.6998467,52.815727
3.4750774,-4.058628
-4.493982,-25.674269
20.567522,-26.449408
-27.302076,-25.695055
5.510241,-9.824813
-3.804036,22.668419
-0.51114255,51.767654
-30.402853,15.199675
-50.441376,-4.8051276
39.48193,27.622309
-17.84764,13.78325
19.053339,-36.87081
-38.77562,-30.300571
21.913355,27.42192
-35.759743,16.514778
-10.165632,-32.914574
-3.924093,-11.718383
-13.679701,-29.71913
-29.044104,-23.478992
-24.2602,10.86679
-45.788677,22.964878
-30.509062,-19.194805
-49.61631,-20.807838
41.800232,0.38262346
-47.149338,29.157768
-38.84687,36.35887
-34.767178,37.437866
-58.98901,-1.5572895
-66.82151,5.5384035
15.461204,38.260735
-64.68952,11.946106
-34.12907,26.95779
-38.200558,-15.702215
36.85339,-19.642078
21.597332,-28.038544
35.08184,-31.198097
5.9573607,-34.36571
-61.3674,17.35184
-66.65761,2.2205625
15.761368,-15.984313
-43.71012,-21.262094
-68.51553,-2.537075
42.721085,0.38003725
18.207682,-43.248028
-65.30381,16.930162
-54.525734,-20.145916
-41.127533,19.317451
-33.040928,-20.027565
17.363995,2.5760815
42.674736,-24.211077
48.71103,5.151734
-22.87052,-22.254236
-64.23713,1.4186763
59.174282,-18.516558
-34.85547,35.892414
-61.074516,13.676553
-36.596115,-28.016409
-16.748484,-21.979162
22.138906,-16.774303
-28.110556,-22.638655
35.5523,-30.960321
-21.530666,30.315485
28.342974,-42.370724
-37.77564,14.81743
-48.244476,12.125256
-29.582487,-26.52919
-65.696884,-3.5985262
30.604725,35.032516
4.9404345,-44.975227
20.634357,10.557591
-4.4969,40.863163
25.545921,-9.636762
14.610957,-32.937614
-53.24753,12.922691
-26.785597,-6.138325
28.379902,33.286404
-34.5141,-16.994314
-1.993734,20.257275
0.95717657,-47.1588
-42.672607,24.839703
19.226357,-46.115612
-47.1378,-18.549416
52.018658,11.96783
-45.88918,-9.819494
-23.208935,33.114285
23.985197,23.714615
-27.289253,-3.345778
-37.31676,19.867777
-40.40851,33.965336
-41.044285,-25.279057
-61.373844,-10.25464
42.597115,-28.733852
-36.264336,15.457373
7.417033,-22.688667
36.10755,-40.06721
-43.696167,-12.4749
34.084633,-41.36384
21.480835,-12.974656
31.64368,-11.339542
26.298105,23.39425
30.584545,37.675484
-15.494884,21.456635
12.043715,33.79322
-57.078884,-5.358426
5.13414,-33.36286
-56.571022,-2.4279563
25.9489,-30.286917
-62.44229,-5.2966437
-46.027973,1.0497668
-23.90084,17.893486
-43.794518,-6.9765754
-31.105474,-32.343914
11.646103,-17.172424
-36.96951,1.9135737
17.507347,-22.120941
-38.279392,30.996075
-38.026302,13.050387
11.493061,3.0952427
26.095055,-32.665592
-60.73059,13.4793625
-49.88446,-11.393082
-37.77483,34.38674
22.939358,-35.636307
-46.490818,1.561104
27.618544,-42.541225
12.558476,4.1203723
-54.874493,8.738179
-22.939161,38.616356
7.732719,4.0499744
14.804608,-24.191664
-14.134667,7.224185
22.681698,13.173687
-16.08434,-22.886795
-17.254942,6.887301
51.32957,18.740694
-1.7318722,-15.078186
-41.67978,-4.313548
-58.020527,12.76278
17.303505,-14.029674
-1.2583047,-29.280022
-43.819607,-3.3680537
-26.469793,-34.08468
36.0721,-23.45957
23.49543,27.5066
6.847129,-33.863407
30.146805,-44.604607
-38.97629,-15.761702
42.481632,-8.152597
-39.036892,-33.224113
-47.230755,4.956529
-50.498108,18.995663
30.7482,-19.641178
44.467625,-29.989935
-59.770447,1.9014798
-36.670383,-31.076395
-9.414288,7.826036
21.006966,-11.788417
7.7981443,39.00484
-25.196379,-18.386566
-25.617651,35.11018
-28.987232,37.75108
53.18348,-14.051048
-25.627869,-21.586382
45.1206,17.088036
21.398378,-13.443265
-42.8976,18.981823
-39.48524,12.739297
-59.303608,18.867294
4.955078,-33.817177
25.712942,-35.860195
-46.86258,-6.6217365
-66.36738,7.3209686
28.616512,-3.0132368
6.7941055,2.1825137
48.899387,20.54455
6.3715,21.070494
9.935936,-22.22098
-8.194995,5.8094935
-42.2632,13.63542
14.206017,-39.703484
41.822968,-28.029629
-12.279722,36.92282
15.469056,-16.979824
-66.39833,-0.5270522
27.887056,-42.56259
8.772111,-33.870014
35.73288,-40.106594
26.919352,40.648975
16.204266,-14.828096
-32.139786,-1.6247051
-4.853054,-11.045799
-24.196281,18.072638
-40.47348,-25.431913
-68.79979,-1.0452496
-43.626778,14.71328
-48.078632,-5.080115
-43.049625,13.39627
10.264125,31.308533
-16.85268,-18.31133
-55.581753,20.131556
52.714737,18.15859
-58.726692,-9.363479
-52.014343,-21.869032
-46.0965,-18.285156
-30.5758,-29.848501
4.677083,17.887821
